nameseq,k1,k2,label
NP04987,3.0,2.8073549220576046,1
NP05606,3.121928094887362,3.169925001442312,1
NP03263,2.257756064128518,3.084962500721156,1
NP03547,2.4010583224943756,3.880179922675737,1
NP00699,4.071796893925098,6.1369164108247745,1
NP01395,2.5,2.8073549220576046,1
NP03735,3.588354347173234,4.368522527728205,1
NP04681,2.663532754804255,3.321928094887362,1
NP00309,2.75,2.8073549220576046,1
NP05687,3.2516291673878226,3.459431618637298,1
NP00594,2.5219280948873624,3.169925001442312,1
NP01904,2.725480556997868,3.0,1
NP01729,2.5216406363433186,2.584962500721156,1
NP00053,3.308694969562842,4.142664355548851,1
NP05001,2.2359263506290326,2.584962500721156,1
NP00886,2.5216406363433186,2.584962500721156,1
NP00135,2.8464393446710154,3.169925001442312,1
NP02585,4.054571204417423,5.870479201512646,1
NP05124,2.921928094887362,3.169925001442312,1
NP05272,3.321928094887362,3.169925001442312,1
NP03304,3.1898980954642875,3.8073549220576055,1
NP05037,3.2359263506290334,3.5465935642949384,1
NP00553,3.2776134368191165,3.321928094887362,1
NP02804,2.75,2.8073549220576046,1
NP05779,2.9139770731827523,3.321928094887362,1
NP03696,3.9167289179086686,6.2619316707805295,1
NP02544,3.121928094887362,3.169925001442312,1
NP00700,2.9139770731827523,3.321928094887362,1
NP00723,2.855953642864355,3.969815782426811,1
NP01430,2.845350936622437,3.1219280948873624,1
NP00267,2.94770277922009,3.0,1
NP03438,2.5503407095463886,3.121928094887362,1
NP03507,2.584962500721156,2.321928094887362,1
NP01040,3.6647170014624826,4.889680181354619,1
NP05778,3.3082708345352603,3.969815782426811,1
NP05224,3.426616045880948,4.643856189774723,1
NP04433,2.725480556997868,3.0,1
NP04493,3.0957952550009344,3.321928094887362,1
NP00024,3.942577808262345,6.141686377288725,1
NP00392,2.9219280948873623,3.169925001442312,1
NP02498,3.7286435422804933,5.192798650906778,1
NP00703,2.8742277151111466,4.363608500731241,1
NP02360,3.985285421067765,5.8521687236032855,1
NP05834,2.9219280948873623,3.169925001442312,1
NP00680,2.75,2.8073549220576046,1
NP01239,3.0269868333592873,3.584962500721156,1
NP00829,3.5492933125148802,5.003258334775643,1
NP05000,2.751629167387823,3.2776134368191165,1
NP00503,2.4193819456463714,3.0,1
NP03587,3.0269868333592873,3.584962500721156,1
NP03449,2.9139770731827523,3.321928094887362,1
NP00972,2.8841837197791884,3.9321380397593764,1
NP01398,2.5,2.8073549220576046,1
NP04915,3.668558765259283,4.918780730435346,1
NP04204,3.654255313215029,4.923181998146335,1
NP01802,2.94770277922009,3.0,1
NP01391,2.725480556997868,3.0,1
NP03187,3.202819531114783,3.906890595608518,1
NP01967,2.9139770731827523,3.321928094887362,1
NP00675,2.6022170014624826,3.7735572622751845,1
NP01441,2.5,2.8073549220576046,1
NP05120,3.0,2.8073549220576046,1
NP04096,2.4056390622295662,2.8073549220576046,1
NP05817,2.94770277922009,3.0,1
NP03509,2.321928094887362,2.0,1
NP05220,4.0127430219808415,6.200344026115273,1
NP04452,2.7321588913645702,3.321928094887362,1
NP00596,3.5110854081804286,4.169925001442313,1
NP02395,3.536243412983061,4.720049960644813,1
NP03440,2.845350936622437,3.321928094887362,1
NP03512,1.9219280948873623,2.0,1
NP03042,2.5216406363433186,2.584962500721156,1
NP02522,2.9219280948873623,3.169925001442312,1
NP03480,2.94770277922009,3.0,1
NP01790,2.8553885422075336,3.459431618637298,1
NP03360,2.25,2.8073549220576046,1
NP04002,3.327339900083509,4.221928094887362,1
NP02959,2.582059910580258,3.794653473544342,1
NP01510,2.9219280948873623,3.169925001442312,1
NP03265,2.8731406795131336,3.4182958340544896,1
NP00582,2.75,2.8073549220576046,1
NP00696,3.9155819486714654,5.924395006828622,1
NP02528,3.121928094887362,3.169925001442312,1
NP03143,2.75,2.8073549220576046,1
NP01343,2.2516291673878226,2.321928094887362,1
NP02824,2.4056390622295662,2.8073549220576046,1
NP03034,2.2359263506290326,2.584962500721156,1
NP01171,2.94770277922009,3.0,1
NP03426,2.9219280948873623,3.169925001442312,1
NP05188,2.725480556997868,3.4992275471326932,1
NP02638,3.287601135993693,4.75,1
NP01520,2.2359263506290326,2.584962500721156,1
NP03892,2.6464393446710157,2.94770277922009,1
NP05935,1.8423709931771088,2.2516291673878226,1
NP05263,3.121928094887362,3.169925001442312,1
NP02006,3.8371256496420134,4.773557262275186,1
NP01465,2.75,3.906890595608518,1
NP02668,3.9153070044457143,5.886984712845828,1
NP03487,3.180832987205441,3.584962500721156,1
NP02541,3.321928094887362,3.169925001442312,1
NP05909,2.9778048159043644,4.756618568273183,1
NP03246,2.663532754804255,3.321928094887362,1
NP03322,2.8150724101159437,3.584962500721156,1
NP01548,2.2359263506290326,2.584962500721156,1
NP04062,1.7924812503605778,2.321928094887362,1
NP01755,2.5216406363433186,2.584962500721156,1
NP05908,3.0790795706241747,4.41829583405449,1
NP00506,2.584962500721156,2.321928094887362,1
NP03227,3.0,2.8073549220576046,1
NP01495,2.9219280948873623,3.169925001442312,1
NP03527,3.2386531282386883,4.822000516883151,1
NP00760,3.350209029099897,4.08746284125034,1
NP01502,2.75,2.8073549220576046,1
NP03761,3.1841837197791887,4.142664355548851,1
NP00039,3.972584498295624,5.47634691059895,1
NP00240,2.75,2.8073549220576046,1
NP05020,3.5280643115840498,4.0,1
NP03035,2.128085278891395,2.584962500721156,1
NP00068,2.9219280948873623,3.169925001442312,1
NP02629,3.7201755214643457,4.523561956057013,1
NP03046,2.5216406363433186,2.584962500721156,1
NP01680,2.725480556997868,3.0,1
NP00277,2.725480556997868,3.0,1
NP01352,3.084962500721156,3.459431618637298,1
NP02029,3.483005030268013,4.66449777920046,1
NP04500,2.725480556997868,3.0,1
NP00987,2.6167233939507346,3.6622301466508205,1
NP00988,3.4699386354469732,5.036616208140156,1
NP03164,3.0565647621309537,3.8073549220576055,1
NP01412,2.75,2.8073549220576046,1
NP04087,3.5306390622295662,4.567099536193328,1
NP02844,3.7618706698897353,5.501505360223573,1
NP03952,3.7709103354256372,4.957854445516393,1
NP03408,2.996624141510993,3.969815782426811,1
NP04689,2.6416041678685933,3.0,1
NP03178,3.1105780147890174,4.169925001442313,1
NP01845,2.9477027792200903,3.0,1
NP03015,3.7979322296973836,5.7832392448558,1
NP03597,3.3874302980927213,4.720049960644813,1
NP02508,3.7767544273988394,5.325761458014586,1
NP03350,2.5032583347756456,3.0,1
NP02281,3.890319531114783,4.889680181354619,1
NP03855,3.725070520364181,5.0802740137340425,1
NP02693,3.708966082694623,4.458591205867174,1
NP03800,3.749941238143319,5.129283016944964,1
NP05153,3.4992275471326932,4.0,1
NP05071,2.9219280948873623,3.169925001442312,1
NP03333,2.8073549220576046,2.584962500721156,1
NP03531,2.75,2.8073549220576046,1
NP03161,2.251629167387823,2.321928094887362,1
NP01519,2.5216406363433186,2.584962500721156,1
NP01072,4.042331043637611,6.1573332734271,1
NP01005,3.4734501778416313,5.22311125640917,1
NP03442,2.845350936622437,3.321928094887362,1
NP04448,2.725480556997868,2.75,1
NP00850,3.601779218186679,4.892147223664533,1
NP03545,2.584962500721156,3.2776134368191165,1
NP05662,3.4262096139809795,4.623516641218014,1
NP03220,2.725480556997868,2.75,1
NP04450,2.845350936622437,3.321928094887362,1
NP02551,3.960571910061772,5.79334519419152,1
NP03469,3.121928094887362,3.169925001442312,1
NP02991,3.5160276412662306,4.39231742277876,1
NP03588,3.8774437510817332,5.072140159802107,1
NP03153,3.348798912202497,4.459431618637295,1
NP01475,2.321928094887362,2.0,1
NP02742,3.7178504651264324,4.5465935642949376,1
NP04717,3.534219021180341,4.459431618637295,1
NP01591,2.725480556997868,3.0,1
NP03200,2.411602217974672,3.418295834054489,1
NP01302,2.94770277922009,3.0,1
NP05540,2.9219280948873623,3.169925001442312,1
NP00600,3.1722542525286,4.707714802597437,1
NP02706,3.3553885422075345,4.523561956057013,1
NP05015,3.180832987205441,3.584962500721156,1
NP03413,2.2516291673878226,2.321928094887362,1
NP04979,2.94770277922009,3.0,1
NP02875,3.039148671903071,3.7004397181410926,1
NP05760,2.9219280948873623,3.169925001442312,1
NP01623,3.1219280948873624,3.169925001442312,1
NP01546,2.75,2.8073549220576046,1
NP02606,3.4399364703978077,4.321928094887363,1
NP05010,3.0,2.8073549220576046,1
NP02883,2.5216406363433186,2.584962500721156,1
NP04873,4.068092503048858,6.044954943193492,1
NP04037,3.782089642372744,5.037401197654114,1
NP05005,2.5,2.8073549220576046,1
NP05251,3.169925001442312,3.0,1
NP01383,2.725480556997868,3.0,1
NP05240,3.5117651857847147,4.844324311457955,1
NP02756,3.73624341298306,4.556088322639177,1
NP02056,3.770578821210311,5.2462817929665,1
NP00385,2.94770277922009,3.0,1
NP05013,3.577819531114783,3.906890595608518,1
NP02893,2.584962500721156,2.321928094887362,1
NP00121,3.0,2.8073549220576046,1
NP02799,2.75,2.8073549220576046,1
NP02836,2.481714572986073,3.321928094887362,1
NP00573,2.7219280948873625,3.169925001442312,1
NP00168,4.01867754145757,5.271928094887364,1
NP03851,2.9655839357277816,3.9477027792200903,1
NP01275,2.725480556997868,3.0,1
NP00733,2.9693894195291564,3.969815782426811,1
NP01416,2.663532754804255,3.1219280948873624,1
NP04596,2.8553885422075336,3.459431618637298,1
NP04980,2.94770277922009,3.0,1
NP02560,3.8965136584672346,6.149076931320866,1
NP03827,3.6282434885265897,5.037401197654114,1
NP03032,2.5,2.8073549220576046,1
NP03398,2.8073549220576046,3.7004397181410926,1
NP00086,2.9219280948873623,3.169925001442312,1
NP04534,2.6464393446710153,3.169925001442312,1
NP00102,3.0,2.8073549220576046,1
NP03378,2.321928094887362,2.0,1
NP00533,2.8073549220576046,2.584962500721156,1
NP03452,2.9139770731827523,3.121928094887362,1
NP00496,2.446439344671015,3.169925001442312,1
NP05367,3.556656707462823,4.754887502163471,1
NP05777,2.9219280948873623,2.94770277922009,1
NP02666,3.605388542207534,4.436605434317882,1
NP00528,3.321928094887362,3.169925001442312,1
NP00355,2.725480556997868,2.75,1
NP04962,3.121928094887362,3.169925001442312,1
NP03553,2.584962500721156,2.321928094887362,1
NP05942,1.3709505944546687,2.0,1
NP00608,3.4484203222468377,4.900711588373536,1
NP00391,2.94770277922009,3.0,1
NP01068,3.5121884039686613,4.578780557638898,1
NP02830,2.75,2.8073549220576046,1
NP03575,3.381580488309164,4.0,1
NP05635,3.763558599134237,4.957854445516393,1
NP00558,2.94770277922009,3.0,1
NP02524,2.721928094887362,3.169925001442312,1
NP00341,2.321928094887362,2.0,1
NP05651,3.457867131472584,4.700439718141092,1
NP03269,2.9852281360342525,3.546593564294939,1
NP01007,3.7684058746616644,5.594309137239126,1
NP04489,3.0957952550009344,3.321928094887362,1
NP03118,2.584962500721156,2.321928094887362,1
NP03374,2.8073549220576046,2.584962500721156,1
NP04810,4.032689735595053,6.149076931320866,1
NP00409,2.94770277922009,3.0,1
NP05370,3.694883094890903,5.058813890331199,1
NP02685,3.764735178725505,4.651084443403434,1
NP01497,2.503258334775646,3.0,1
NP03201,3.0849625007211556,3.459431618637298,1
NP02187,3.905330030067183,6.168794569693687,1
NP01059,3.5209591668726907,4.923181998146335,1
NP03352,2.5,2.8073549220576046,1
NP03434,2.481714572986073,3.121928094887362,1
NP03366,2.9219280948873623,3.169925001442312,1
NP02743,3.2406015629507228,4.436605434317882,1
NP00260,2.688721875540867,3.459431618637298,1
NP04157,3.7534343861887853,4.754887502163471,1
NP01557,3.121928094887362,3.169925001442312,1
NP00257,2.725480556997868,3.0,1
NP05602,2.6416041678685933,3.0,1
NP03556,2.8662478973127308,3.8073549220576055,1
NP02705,3.8636085007312415,4.954196310386877,1
NP05218,3.933543921432573,6.189106745524531,1
NP05228,3.8140346261999305,5.3219280948873635,1
NP00382,3.1555650133297197,3.9477027792200903,1
NP00593,2.94770277922009,3.0,1
NP05369,3.8936606896881854,4.584962500721156,1
NP00098,3.0,2.8073549220576046,1
NP03327,2.8584585933443494,3.773557262275185,1
NP03629,3.570291990501107,4.8625759375402735,1
NP02441,3.843795932845685,5.114369445886754,1
NP04995,2.4056390622295662,2.8073549220576046,1
NP02679,3.745406425938248,4.735926350629031,1
NP03058,2.2516291673878226,2.321928094887362,1
NP01043,2.8553540085199964,4.595795255000933,1
NP00430,2.9219280948873623,3.169925001442312,1
NP01821,2.128085278891395,2.584962500721156,1
NP01176,1.7924812503605778,2.321928094887362,1
NP03493,3.0269868333592873,3.418295834054489,1
NP05045,3.6572682296173897,4.349648912578752,1
NP00316,2.9219280948873623,3.169925001442312,1
NP05932,1.8423709931771088,2.2516291673878226,1
NP03232,3.2866294867861967,4.058813890331201,1
NP00238,2.6464393446710153,3.169925001442312,1
NP04149,4.030828237885433,5.8643694458867595,1
NP04276,3.182005814760214,3.7004397181410926,1
NP03257,2.950212064914748,3.7004397181410926,1
NP01361,3.6887218755408675,4.436605434317882,1
NP00698,3.8588998781652477,5.857424760319277,1
NP03842,2.609850166028943,3.875,1
NP05024,2.4056390622295662,2.8073549220576046,1
NP04146,3.1464393446710153,4.142664355548851,1
NP00974,3.9981393642102767,5.792086857133706,1
NP05811,2.75,2.8073549220576046,1
NP00099,2.75,2.8073549220576046,1
NP01590,2.9477027792200903,3.0,1
NP03041,2.2359263506290326,2.2516291673878226,1
NP00236,2.75,2.8073549220576046,1
NP03145,3.155221528859512,3.969815782426811,1
NP00436,2.75,2.8073549220576046,1
NP04501,2.584962500721156,3.459431618637298,1
NP00384,3.3371753411230776,4.0,1
NP00322,2.663532754804255,3.121928094887362,1
NP05088,3.5724694587701364,4.0,1
NP05043,2.5216406363433186,2.584962500721156,1
NP01325,2.6464393446710153,3.169925001442312,1
NP03199,3.3787834934861767,3.7004397181410926,1
NP03869,3.7499412381433186,5.129283016944964,1
NP05659,3.749609840405166,5.211210541203448,1
NP02825,2.75,2.8073549220576046,1
NP03356,2.5216406363433186,2.584962500721156,1
NP01347,3.121928094887362,3.169925001442312,1
NP00308,2.5,2.8073549220576046,1
NP03431,3.262314746027603,4.532665279941249,1
NP04474,3.2776134368191165,3.321928094887362,1
NP03299,3.0269868333592873,3.584962500721156,1
NP02380,3.909368063943885,4.807354922057602,1
NP00433,3.0957952550009344,3.321928094887362,1
NP01330,2.8464393446710154,2.94770277922009,1
NP01683,2.725480556997868,3.0,1
NP02285,3.9396648422860236,5.277613436819114,1
NP03372,2.8731406795131336,3.418295834054489,1
NP04185,3.182455431590177,4.653495561774943,1
NP03760,3.238901256602631,3.584962500721156,1
NP04984,3.2806390622295662,3.906890595608518,1
NP02655,3.3446983751597124,4.321928094887363,1
NP02637,3.4632805178108104,4.221928094887362,1
NP04721,3.4992275471326932,4.0,1
NP03479,2.94770277922009,3.0,1
NP00686,3.998006110371826,6.101138651056417,1
NP05893,3.4550412448813725,4.932138039759378,1
NP00367,2.75,2.8073549220576046,1
NP03574,3.4992275471326932,3.875,1
NP02574,3.982664994004228,5.881580488309168,1
NP04378,3.3787834934861767,3.7004397181410926,1
NP03060,2.7219280948873625,3.169925001442312,1
NP03037,1.8423709931771088,2.584962500721156,1
NP02207,3.9523752343137417,6.229966472375096,1
NP03720,4.118769054284525,6.011085408180432,1
NP05680,2.7321588913645702,3.121928094887362,1
NP02286,3.958229168669879,4.700439718141092,1
NP02517,2.721928094887362,3.169925001442312,1
NP02226,3.5949066182439378,4.39231742277876,1
NP01494,2.9219280948873623,3.169925001442312,1
NP05572,2.845350936622437,3.321928094887362,1
NP02535,2.9219280948873623,3.169925001442312,1
NP01708,3.1775662320965252,4.1219280948873624,1
NP00408,2.725480556997868,3.0,1
NP05747,2.9219280948873623,3.169925001442312,1
NP02479,3.8501531386557373,5.308771516813204,1
NP01976,3.121928094887362,3.169925001442312,1
NP03840,3.1556390622295662,3.906890595608518,1
NP00290,2.75,2.8073549220576046,1
NP00035,3.93766636189525,6.10350858319653,1
NP03334,2.5216406363433186,2.584962500721156,1
NP05070,3.2516291673878226,3.459431618637298,1
NP00460,3.0957952550009344,3.321928094887362,1
NP01937,2.5216406363433186,2.584962500721156,1
NP02598,3.5944656369614516,4.321928094887363,1
NP01553,2.725480556997868,3.0,1
NP03561,3.0269868333592873,3.584962500721156,1
NP01258,2.5,2.8073549220576046,1
NP02569,3.767185849696218,5.936704345910029,1
NP03224,3.6168746059562227,4.0,1
NP02881,2.584962500721156,2.321928094887362,1
NP03766,2.2516291673878226,2.321928094887362,1
NP00281,2.3685225277282065,3.1219280948873624,1
NP04741,3.84850221841846,5.195295934496221,1
NP03097,2.8073549220576046,2.584962500721156,1
NP02800,2.75,2.8073549220576046,1
NP00706,3.203701696057348,4.0374011976541135,1
NP05405,3.71937582241537,4.807354922057602,1
NP05004,2.9749375012019272,3.969815782426811,1
NP01867,2.725480556997868,3.0,1
NP03476,2.94770277922009,3.0,1
NP05177,2.9693894195291564,3.969815782426811,1
NP03543,3.1464393446710153,4.247927513443588,1
NP00274,2.8073549220576046,2.584962500721156,1
NP01963,2.725480556997868,3.0,1
NP03938,3.5652747952505086,5.492132624412663,1
NP03579,3.3927474104487847,3.418295834054489,1
NP03012,3.0220552088742005,4.349648912578752,1
NP05821,2.725480556997868,3.0,1
NP02265,3.9377531072418526,5.718498909771205,1
NP03945,3.484183719779189,4.142664355548851,1
NP00571,2.931208948910323,3.584962500721156,1
NP03471,2.9219280948873623,2.94770277922009,1
NP05156,3.169925001442312,3.0,1
NP04992,2.8662478973127308,3.6644977792004623,1
NP02069,3.121928094887362,3.169925001442312,1
NP03006,3.8693312611115185,4.754887502163471,1
NP00410,2.725480556997868,3.0,1
NP01908,2.5216406363433186,2.584962500721156,1
NP01111,3.5724694587701364,4.0,1
NP01859,3.095795255000934,3.321928094887362,1
NP00071,2.8464393446710154,3.169925001442312,1
NP03217,3.0,2.8073549220576046,1
NP00991,3.3956018706239135,5.137362458604516,1
NP02899,2.2516291673878226,2.321928094887362,1
NP04244,3.169925001442312,3.0,1
NP04744,4.0455459822578925,6.107632778058109,1
NP04278,2.625814583693911,3.459431618637298,1
NP04313,3.0269868333592873,3.4182958340544896,1
NP05363,3.8518232255517666,4.754887502163471,1
NP01618,2.5216406363433186,2.584962500721156,1
NP01205,2.75,2.8073549220576046,1
NP02628,3.7718608739641963,4.910992253015045,1
NP03033,2.128085278891395,2.584962500721156,1
NP05041,3.1692486956952335,3.875,1
NP01107,3.196154780932867,4.321928094887363,1
NP04732,3.9742332546472454,5.843568731230684,1
NP03591,1.9219280948873623,2.0,1
NP00371,2.7321588913645702,3.121928094887362,1
NP00769,3.676390632579627,4.700439718141092,1
NP04435,3.5368867237421693,4.169925001442313,1
NP02437,3.952302977662386,4.807354922057602,1
NP04415,3.608512968290146,5.0,1
NP04112,3.745406425938248,4.807354922057602,1
NP00243,2.5216406363433186,2.584962500721156,1
NP04981,2.721928094887362,3.169925001442312,1
NP02495,3.3837930573985107,4.334679141051595,1
NP03175,3.2359263506290334,3.7004397181410926,1
NP05663,3.5614063297218426,4.556088322639177,1
NP05871,3.3681996564733514,4.964904158123497,1
NP03739,3.588354347173234,4.459431618637295,1
NP03913,2.6416041678685933,3.0,1
NP00266,2.931208948910323,3.584962500721156,1
NP00439,2.4193819456463714,3.0,1
NP02095,2.7534343861887853,3.5465935642949384,1
NP00276,3.3735572622751855,3.8073549220576055,1
NP03245,2.9852281360342516,3.7004397181410926,1
NP02321,3.535941708974042,5.186704345910024,1
NP01581,3.169925001442312,3.0,1
NP05050,3.0849625007211556,3.459431618637298,1
NP00299,2.760313697312512,3.836591668108979,1
NP01792,2.663532754804255,3.321928094887362,1
NP01313,2.5,2.8073549220576046,1
NP00507,2.75,2.8073549220576046,1
NP03290,3.321928094887362,3.169925001442312,1
NP00443,3.0957952550009344,3.321928094887362,1
NP02217,2.321928094887362,2.0,1
NP05746,2.446439344671015,3.169925001442312,1
NP03286,2.8553885422075336,3.459431618637298,1
NP00976,3.7552571152557577,5.45388098766665,1
NP04117,3.1464393446710153,4.142664355548851,1
NP01485,2.503258334775646,2.75,1
NP01984,2.725480556997868,3.0,1
NP01718,2.75,2.8073549220576046,1
NP03107,2.321928094887362,2.0,1
NP03532,3.2364405016961446,4.2626923908396215,1
NP04802,4.048617523131691,6.156334759616214,1
NP03870,3.8610523492544297,5.01499730265925,1
NP03038,3.3082708345352603,3.969815782426811,1
NP02753,3.9312710042339107,5.771666846631188,1
NP01858,3.1219280948873624,3.169925001442312,1
NP02793,3.4387218755408675,4.523561956057013,1
NP01950,2.94770277922009,3.0,1
NP04067,1.9219280948873623,2.0,1
NP03198,2.663532754804255,3.1219280948873624,1
NP03377,2.9219280948873623,3.169925001442312,1
NP00180,3.8954347171530768,5.341744485170485,1
NP05810,3.277613436819116,3.321928094887362,1
NP01977,2.721928094887362,3.169925001442312,1
NP00060,3.0,2.8073549220576046,1
NP00046,3.6777165238358376,5.43660543431788,1
NP05092,3.4906015629507228,4.349648912578752,1
NP02159,3.961450474510714,5.585055102756479,1
NP03262,2.7773627950641693,3.418295834054489,1
NP03361,2.4056390622295662,2.8073549220576046,1
NP05913,2.9941117190410815,4.483856189774723,1
NP01993,2.751629167387823,3.459431618637298,1
NP05222,3.5573222436183705,5.344698375159715,1
NP01283,3.550340709546388,4.297079327540665,1
NP00262,3.0,2.8073549220576046,1
NP04306,2.6464393446710153,3.169925001442312,1
NP03206,3.3990795706241745,4.584962500721156,1
NP05808,3.0849625007211556,3.459431618637298,1
NP01214,2.9219280948873623,3.169925001442312,1
NP05650,2.5216406363433186,2.584962500721156,1
NP03503,2.584962500721156,2.321928094887362,1
NP01587,3.0271691184406193,3.321928094887362,1
NP01328,2.5032583347756456,3.0,1
NP05764,2.8553885422075336,3.459431618637298,1
NP02093,2.8073549220576046,2.584962500721156,1
NP02330,3.7636467706769263,4.9375,1
NP02034,3.702471512219747,4.807354922057602,1
NP05566,2.94770277922009,3.0,1
NP00231,3.0269868333592873,3.584962500721156,1
NP02258,3.8265832568955243,5.650571945454585,1
NP03001,3.351823225551766,4.680813428089397,1
NP05254,2.94770277922009,3.0,1
NP03331,3.0957952550009344,3.321928094887362,1
NP00776,3.8279097821439705,4.459431618637295,1
NP02999,3.572623663895163,4.39231742277876,1
NP05657,2.94770277922009,3.0,1
NP03406,2.45845382923306,3.6416041678685938,1
NP02444,3.740771391823488,4.75,1
NP04480,2.845350936622437,3.321928094887362,1
NP01269,2.2359263506290326,2.584962500721156,1
NP05739,3.2776134368191165,3.321928094887362,1
NP00136,2.75,2.8073549220576046,1
NP04710,2.845350936622437,3.321928094887362,1
NP03817,2.481714572986073,3.1219280948873624,1
NP05898,3.5701752191294003,5.037401197654114,1
NP05058,3.1692486956952335,4.0,1
NP01739,2.8073549220576046,2.584962500721156,1
NP01210,2.9219280948873623,3.169925001442312,1
NP00171,3.8746445263326623,5.090032776601483,1
NP00084,3.0,2.8073549220576046,1
NP02794,3.6331536461849585,4.85216872360328,1
NP02356,3.6395225199945047,4.840223928941852,1
NP05413,3.5224963070861737,4.66449777920046,1
NP01910,2.8073549220576046,2.584962500721156,1
NP03230,2.8423709931771093,3.7004397181410926,1
NP05530,3.169925001442312,3.0,1
NP04280,3.084962500721156,3.459431618637298,1
NP03969,2.9219280948873623,3.169925001442312,1
NP01592,2.5,2.8073549220576046,1
NP02885,2.75,2.8073549220576046,1
NP02521,3.121928094887362,3.169925001442312,1
NP05742,3.0957952550009344,3.321928094887362,1
NP01237,2.8073549220576046,2.584962500721156,1
NP00011,2.6464393446710157,2.9477027792200903,1
NP00362,2.725480556997868,3.0,1
NP00929,2.9139770731827523,3.321928094887362,1
NP01271,2.113283334294875,2.75,1
NP01390,2.8464393446710154,3.169925001442312,1
NP05214,3.9903495496949346,6.167081426883208,1
NP04978,2.75,2.8073549220576046,1
NP05833,3.9610238140990153,6.178838649771185,1
NP03027,3.9500956321810583,6.166634835412171,1
NP03358,2.75,2.8073549220576046,1
NP00768,3.3787834934861767,3.7004397181410926,1
NP00307,2.75,2.8073549220576046,1
NP01816,2.725480556997868,3.0,1
NP03550,3.039148671903072,3.5465935642949384,1
NP03268,3.3263604079526954,4.058813890331201,1
NP01573,1.9219280948873623,2.0,1
NP00841,3.6299290014603223,5.101345257520845,1
NP01825,2.2516291673878226,2.321928094887362,1
NP00398,3.4992275471326932,4.0,1
NP02369,3.243735757336199,4.5638561897747225,1
NP05022,2.8073549220576046,2.584962500721156,1
NP01370,2.9139770731827523,3.321928094887362,1
NP04103,2.984234164652489,4.0,1
NP03418,3.238901256602631,3.418295834054489,1
NP04431,2.918295834054489,3.459431618637298,1
NP03812,2.413088436425758,3.1219280948873624,1
NP02683,3.7197394337704703,5.114369445886754,1
NP03110,3.650823409867459,5.186731930947545,1
NP04966,2.725480556997868,3.0,1
NP02296,3.956067849603946,5.881580488309169,1
NP03277,2.4464393446710155,3.169925001442312,1
NP02278,3.9093680639438855,4.807354922057602,1
NP02062,2.9139770731827523,3.321928094887362,1
NP02148,3.121928094887362,3.169925001442312,1
NP01875,2.9477027792200903,3.0,1
NP03881,3.0957952550009344,3.321928094887362,1
NP00467,2.5,2.8073549220576046,1
NP00330,2.9219280948873623,3.169925001442312,1
NP03392,1.6644977792004616,2.584962500721156,1
NP00270,3.0,2.8073549220576046,1
NP04604,2.94770277922009,3.0,1
NP01444,3.0850551027564768,3.584962500721156,1
NP00394,2.4193819456463714,3.0,1
NP00386,2.5,2.5216406363433186,1
NP00567,2.9139770731827523,3.321928094887362,1
NP04956,3.3975819111823524,4.5638561897747225,1
NP00634,3.238901256602631,3.584962500721156,1
NP05121,2.5032583347756456,3.0,1
NP05825,2.94770277922009,3.0,1
NP04092,3.6933452188924916,4.807354922057602,1
NP00041,3.2464393446710154,4.142664355548851,1
NP05925,3.4353093692671237,5.348609878475556,1
NP01304,2.4193819456463714,2.75,1
NP04455,2.9139770731827523,3.321928094887362,1
NP05656,3.121928094887362,3.169925001442312,1
NP01326,2.9139770731827523,3.321928094887362,1
NP03546,2.6464393446710153,3.169925001442312,1
NP03218,2.8073549220576046,2.584962500721156,1
NP03606,4.036786422381163,5.992773786134491,1
NP02072,3.277613436819116,3.321928094887362,1
NP02802,2.94770277922009,3.0,1
NP00127,4.0198630882951445,5.483856189774728,1
NP01971,2.725480556997868,3.0,1
NP05381,3.8588029144615943,4.9837880587523955,1
NP00462,2.725480556997868,2.75,1
NP02805,2.5,2.8073549220576046,1
NP01278,3.0957952550009344,3.321928094887362,1
NP01394,2.2516291673878226,2.321928094887362,1
NP05928,2.589256240308336,3.8758072359050906,1
NP03733,3.4292750707107125,4.418295834054489,1
NP02826,2.5,2.8073549220576046,1
NP03453,2.9219280948873623,3.169925001442312,1
NP01236,2.2359263506290326,2.584962500721156,1
NP00544,2.4056390622295662,2.8073549220576046,1
NP03463,2.2516291673878226,2.321928094887362,1
NP02744,3.882048827786958,4.825164052322361,1
NP02054,3.121928094887362,3.169925001442312,1
NP03133,3.121928094887362,3.169925001442312,1
NP02900,2.2359263506290326,2.584962500721156,1
NP05719,2.9219280948873623,3.169925001442312,1
NP05079,2.9772170014624826,3.640223928941851,1
NP01108,3.7160160623359078,4.923181998146334,1
NP03168,2.321928094887362,2.0,1
NP01527,3.084962500721156,3.459431618637298,1
NP00569,2.197159723424149,2.75,1
NP02640,3.8314018453921714,4.651084443403434,1
NP03240,2.9219280948873623,3.169925001442312,1
NP01056,3.571998504917091,4.923181998146335,1
NP03239,2.9139770731827523,3.321928094887362,1
NP00329,2.5503407095463886,3.321928094887362,1
NP00753,3.4193819456463714,3.969815782426811,1
NP01989,2.9219280948873623,3.169925001442312,1
NP04061,2.5216406363433186,2.584962500721156,1
NP01966,2.8073549220576046,2.584962500721156,1
NP03922,3.6553362295323457,4.840223928941852,1
NP00843,3.8074451769552415,5.114369445886754,1
NP04959,2.6464393446710153,3.169925001442312,1
NP05599,2.94770277922009,3.0,1
NP02327,3.8819015959326326,5.003258334775643,1
NP03745,3.2206036345977775,4.593069207771888,1
NP01170,3.0,2.8073549220576046,1
NP03499,2.584962500721156,2.321928094887362,1
NP00110,2.725480556997868,3.0,1
NP05587,2.3709505944546687,3.169925001442312,1
NP01382,2.725480556997868,3.0,1
NP01982,2.4464393446710155,2.9477027792200903,1
NP01711,2.75,2.8073549220576046,1
NP05051,3.3248629576173574,3.7004397181410926,1
NP01565,3.2516291673878226,3.459431618637298,1
NP03212,2.699513850319966,3.7004397181410926,1
NP00969,3.0416256143692233,4.1219280948873624,1
NP03839,2.75,2.8073549220576046,1
NP01720,2.725480556997868,3.0,1
NP02429,3.7370242754249503,5.087462841250338,1
NP04239,2.8731406795131336,3.584962500721156,1
NP03831,2.663532754804255,3.1219280948873624,1
NP02536,2.9219280948873623,3.169925001442312,1
NP02084,2.75,2.8073549220576046,1
NP01597,3.0271691184406193,3.321928094887362,1
NP03399,3.3787834934861767,3.7004397181410926,1
NP00419,2.8073549220576046,2.584962500721156,1
NP03783,1.9219280948873623,2.0,1
NP00406,2.4193819456463714,2.75,1
NP02179,4.011956812239379,6.05055344228541,1
NP01673,2.725480556997868,3.0,1
NP05648,3.547085133395088,5.0289919624519905,1
NP00783,3.8667292966721747,4.889680181354619,1
NP01257,3.121928094887362,3.169925001442312,1
NP03024,3.3423709931771084,4.6808134280893965,1
NP01991,2.7219280948873625,3.169925001442312,1
NP00862,3.1812056673346514,4.839700558686835,1
NP04603,3.180832987205441,3.584962500721156,1
NP03912,2.725480556997868,3.0,1
NP01484,2.9139770731827523,3.1219280948873624,1
NP02961,1.9219280948873623,2.0,1
NP00442,2.725480556997868,3.0,1
NP01256,2.75,2.8073549220576046,1
NP00370,2.725480556997868,2.75,1
NP03194,3.5,3.906890595608518,1
NP03094,2.663532754804255,3.321928094887362,1
NP00934,3.0957952550009344,3.321928094887362,1
NP01338,2.94770277922009,3.0,1
NP01508,2.5,2.8073549220576046,1
NP03492,3.0269868333592873,3.418295834054489,1
NP02385,3.654263725997023,4.851409765557392,1
NP01272,3.095795255000934,3.321928094887362,1
NP03010,3.7294461949052566,4.459431618637295,1
NP02701,3.403989446485262,4.321928094887363,1
NP02402,3.6956490237615602,5.325761458014586,1
NP04130,3.8143719431796277,4.807354922057602,1
NP04762,4.095377811483805,5.945294495212261,1
NP03052,2.721928094887362,3.169925001442312,1
NP04316,3.085055102756477,3.584962500721156,1
NP03282,3.077819531114783,3.773557262275185,1
NP05584,2.94770277922009,3.0,1
NP00552,2.827819531114783,3.7735572622751845,1
NP00992,2.702904337188607,3.969815782426811,1
NP01978,2.918295834054489,3.459431618637298,1
NP05519,3.121928094887362,3.169925001442312,1
NP01549,2.75,2.8073549220576046,1
NP04410,3.1128623226263366,4.5964831054919175,1
NP05749,2.663532754804255,3.121928094887362,1
NP05603,2.446439344671015,3.169925001442312,1
NP04214,2.8150724101159437,3.4182958340544896,1
NP04991,2.6535442970305683,3.188721875540867,1
NP05946,2.2359263506290326,2.584962500721156,1
NP00401,2.75,2.8073549220576046,1
NP01233,2.4193819456463714,2.75,1
NP03466,3.121928094887362,3.169925001442312,1
NP02658,3.6349899593310995,4.9837880587523955,1
NP02386,3.4371932086075945,4.532665279941249,1
NP05899,3.861821939162428,6.028890488618684,1
NP03446,2.721928094887362,2.94770277922009,1
NP03139,3.321928094887362,3.169925001442312,1
NP04399,3.2988252450030506,4.43063240949075,1
NP00900,3.202819531114783,3.773557262275185,1
NP01273,2.725480556997868,3.0,1
NP03498,2.584962500721156,2.321928094887362,1
NP03777,1.3709505944546687,1.5,1
NP05589,2.321928094887362,2.94770277922009,1
NP00759,3.4613201402110083,4.08746284125034,1
NP00288,2.94770277922009,3.0,1
NP00337,3.0,2.8073549220576046,1
NP02540,2.9219280948873623,3.169925001442312,1
NP01612,2.663532754804255,3.321928094887362,1
NP00529,2.5216406363433186,2.584962500721156,1
NP01411,2.5216406363433186,2.584962500721156,1
NP02277,3.6550455468258045,4.754887502163471,1
NP03223,2.6416041678685933,2.75,1
NP01241,1.9219280948873623,2.0,1
NP01216,3.308694969562842,4.247927513443588,1
NP02304,3.7979026896829473,4.606739354015323,1
NP05561,2.94770277922009,3.0,1
NP00073,3.1219280948873624,3.169925001442312,1
NP03467,2.446439344671015,3.169925001442312,1
NP00244,2.5216406363433186,2.584962500721156,1
NP01184,2.94770277922009,3.0,1
NP02613,3.7647351787255046,4.651084443403434,1
NP03802,2.8553885422075336,3.277613436819116,1
NP04958,3.125,3.640223928941851,1
NP02027,3.7024715122197467,4.807354922057602,1
NP01873,3.056564762130954,3.8073549220576055,1
NP00838,3.9681390622295662,4.889680181354619,1
NP03759,2.9182958340544896,3.459431618637298,1
NP00775,3.379706048806279,4.43063240949075,1
NP03113,3.0849625007211556,3.459431618637298,1
NP05772,2.9219280948873623,3.169925001442312,1
NP02530,2.721928094887362,3.169925001442312,1
NP03126,3.0306390622295662,3.640223928941851,1
NP03136,2.5216406363433186,2.584962500721156,1
NP00096,3.321928094887362,3.169925001442312,1
NP03284,2.9219280948873623,3.169925001442312,1
NP02977,2.94770277922009,3.0,1
NP04960,2.94770277922009,3.0,1
NP04388,2.845350936622437,3.321928094887362,1
NP05125,3.1395722619867223,3.8073549220576055,1
NP00279,3.373557262275185,3.8073549220576055,1
NP03190,3.3927474104487847,3.584962500721156,1
NP03805,3.2267309150571264,4.297079327540665,1
NP00572,3.095795255000934,3.321928094887362,1
NP00820,3.8391284026795343,5.447408651885229,1
NP01198,2.8073549220576046,2.584962500721156,1
NP04662,2.845350936622437,3.321928094887362,1
NP02338,3.8614992310092955,5.058813890331199,1
NP00473,2.5216406363433186,2.584962500721156,1
NP03248,3.6635327548042547,4.39231742277876,1
NP00510,2.94770277922009,3.0,1
NP02161,3.0957952550009344,3.321928094887362,1
NP00509,3.4922031072054134,4.923181998146335,1
NP04027,3.8520508551228487,6.132999539894944,1
NP04104,3.1751231351134614,3.75,1
NP03348,1.9219280948873623,2.0,1
NP02698,3.628072996388509,4.651084443403434,1
NP03447,2.921928094887362,2.94770277922009,1
NP01870,2.6464393446710157,3.169925001442312,1
NP05714,3.0220552088742,3.277613436819116,1
NP03765,3.418295834054489,3.459431618637298,1
NP02839,2.9219280948873623,3.169925001442312,1
NP02895,2.584962500721156,2.321928094887362,1
NP04751,4.0435353794825275,6.004759147861849,1
NP00613,4.12044805257913,5.752832142689117,1
NP05256,3.169925001442312,3.0,1
NP05868,3.7847185086158057,6.0335722518751975,1
NP01143,3.7648615286412457,5.8814307444478064,1
NP01186,3.0220552088742005,4.2626923908396215,1
NP03102,2.321928094887362,2.0,1
NP04971,2.8073549220576046,2.584962500721156,1
NP01563,2.25,2.8073549220576046,1
NP00407,2.4193819456463714,2.75,1
NP03189,3.189898095464287,3.8073549220576055,1
NP03295,3.375,3.906890595608518,1
NP03307,3.303701696057348,4.142664355548851,1
NP03184,2.705229002742297,3.734521664779752,1
NP03353,2.94770277922009,3.0,1
NP05017,2.725480556997868,3.0,1
NP00397,3.3263604079526954,4.169925001442313,1
NP01259,2.9219280948873623,3.169925001442312,1
NP02331,3.7042014240632954,5.402964207440784,1
NP03364,3.418295834054489,3.459431618637298,1
NP04243,2.663532754804255,3.321928094887362,1
NP04393,2.9852281360342516,3.3927474104487847,1
NP04203,3.7841837197791883,4.247927513443588,1
NP05689,3.2516291673878226,3.459431618637298,1
NP02680,3.553508854797679,4.523561956057013,1
NP02951,1.9219280948873623,2.0,1
NP00517,3.0,2.8073549220576046,1
NP02980,1.9219280948873623,2.0,1
NP03910,1.7924812503605778,2.321928094887362,1
NP02890,2.2516291673878226,2.321928094887362,1
NP01266,3.121928094887362,3.169925001442312,1
NP00239,2.2516291673878226,2.321928094887362,1
NP01864,2.6464393446710153,3.169925001442312,1
NP04085,2.7219280948873625,3.169925001442312,1
NP00819,3.590098042361555,5.114369445886754,1
NP05591,3.182005814760214,3.7004397181410926,1
NP01567,2.918295834054489,3.459431618637298,1
NP02413,3.8001821971347023,4.906890595608519,1
NP00491,2.188721875540867,3.2776134368191165,1
NP00585,3.1898980954642866,3.8073549220576055,1
NP01173,3.169925001442312,3.0,1
NP01113,3.3232314287976203,3.8073549220576055,1
NP02529,2.725480556997868,3.0,1
NP01613,3.693887846729895,4.969815782426809,1
NP05813,3.52164063634332,3.7004397181410926,1
NP01593,2.94770277922009,3.0,1
NP00647,3.7050540796780416,5.047291203466791,1
NP02387,3.8404025467025056,4.807354922057602,1
NP03092,2.75,2.8073549220576046,1
NP01917,2.845350936622437,3.321928094887362,1
NP00713,3.943842626791822,5.941931802572799,1
NP01406,1.9182958340544893,2.321928094887362,1
NP00555,2.75,2.8073549220576046,1
NP04755,3.3444569352411984,4.368522527728205,1
NP01641,2.663532754804255,3.321928094887362,1
NP04923,3.3613684851981067,5.0289919624519905,1
NP01528,3.7229074943218805,4.680813428089397,1
NP05387,3.6423714487439023,4.5638561897747225,1
NP05652,3.553090083530327,4.754887502163471,1
NP03443,2.721928094887362,3.169925001442312,1
NP02367,3.737745165456522,5.0,1
NP02969,3.8077635764171944,4.923181998146335,1
NP00973,3.4418181081425776,5.175735869100489,1
NP05939,0.7219280948873623,1.5,1
NP01805,2.725480556997868,3.0,1
NP01747,2.75,2.8073549220576046,1
NP03141,3.0957952550009344,3.321928094887362,1
NP04901,3.12742132943338,4.487122805397798,1
NP00648,3.3927474104487847,3.584962500721156,1
NP03234,3.0306390622295662,3.773557262275185,1
NP05737,3.121928094887362,3.169925001442312,1
NP03738,3.4292750707107125,4.501629167387823,1
NP01516,3.0220552088742005,3.459431618637298,1
NP00990,3.176110251517256,3.905764584655453,1
NP02975,1.9219280948873623,2.0,1
NP05831,3.7755631688777465,6.104964782459644,1
NP00237,3.5724694587701364,4.0,1
NP00860,3.7567958110719153,4.840223928941852,1
NP00689,3.947296100062473,5.952564020913129,1
NP00670,2.5,2.8073549220576046,1
NP01327,2.521928094887362,3.169925001442312,1
NP02984,3.6133373140453076,4.323856189774724,1
NP00420,2.75,2.8073549220576046,1
NP04300,3.2776134368191165,3.321928094887362,1
NP04139,3.202910079649727,4.513153408920675,1
NP00518,2.5,2.8073549220576046,1
NP01492,2.5032583347756456,2.75,1
NP00332,3.418295834054489,3.459431618637298,1
NP03132,2.584962500721156,2.321928094887362,1
NP02780,3.5736606896881846,4.584962500721156,1
NP00530,3.42990833509616,4.209867121904035,1
NP02320,3.6820058147602137,4.6808134280893965,1
NP03930,3.5860486123130375,5.01499730265925,1
NP00458,2.75,2.8073549220576046,1
NP03801,3.652447488023126,5.129283016944964,1
NP00331,2.721928094887362,2.94770277922009,1
NP01699,2.7219280948873625,3.169925001442312,1
NP00461,2.94770277922009,3.0,1
NP02607,3.987434225098702,5.905625906053528,1
NP00802,2.4193819456463714,3.0,1
NP00712,2.599581230646064,3.3787834934861767,1
NP04722,3.9032080616476805,5.044394119358456,1
NP03242,2.8464393446710154,3.169925001442312,1
NP00745,3.215841172683754,3.836591668108979,1
NP05232,3.6946054322428634,5.3219280948873635,1
NP04202,3.576617644908667,4.058813890331201,1
NP03222,2.9139770731827523,3.321928094887362,1
NP03255,2.721928094887362,3.169925001442312,1
NP03584,2.5,2.8073549220576046,1
NP00283,2.9219280948873623,3.169925001442312,1
NP03416,2.5216406363433186,2.584962500721156,1
NP01109,3.1751231351134614,4.0,1
NP00025,3.9007411898125417,5.959218436061348,1
NP04905,4.048922957588182,5.9184989097712055,1
NP02382,3.3657646371790237,4.532665279941249,1
NP00828,3.6993370688471336,5.058813890331199,1
NP02411,3.978333581185264,4.807354922057602,1
NP03337,3.0957952550009344,3.321928094887362,1
NP04850,3.9837834090041,5.842940596828157,1
NP01526,2.8150724101159437,3.584962500721156,1
NP04503,2.845350936622437,3.321928094887362,1
NP00304,2.94770277922009,3.0,1
NP02907,3.260828171224456,4.169925001442313,1
NP01525,2.5216406363433186,2.584962500721156,1
NP01047,3.981068612253981,6.053336083120171,1
NP04304,3.039148671903071,3.546593564294939,1
NP03389,2.721928094887362,3.169925001442312,1
NP00926,1.780672129520887,2.663532754804255,1
NP00570,2.725480556997868,2.75,1
NP03346,3.0,2.8073549220576046,1
NP05545,2.94770277922009,3.0,1
NP04165,4.094595662982057,5.975480556997873,1
NP05273,3.121928094887362,3.169925001442312,1
NP00349,2.197159723424149,3.0,1
NP02284,3.291562502003212,4.440636352673266,1
NP05755,2.6416041678685933,3.0,1
NP04045,2.5216406363433186,2.584962500721156,1
NP01779,3.1898980954642875,3.8073549220576055,1
NP03475,2.94770277922009,3.0,1
NP03289,3.321928094887362,3.169925001442312,1
NP02415,3.85845859334435,4.954196310386877,1
NP03841,3.039148671903071,3.5465935642949384,1
NP02542,2.8073549220576046,2.584962500721156,1
NP05762,2.663532754804255,3.121928094887362,1
NP01814,2.6464393446710153,2.94770277922009,1
NP01474,2.5216406363433186,2.584962500721156,1
NP00790,3.5002836880550543,4.623516641218014,1
NP01992,2.5503407095463886,3.321928094887362,1
NP01298,3.5068905956085183,3.8073549220576055,1
NP04767,4.005288344586702,5.9680318662704135,1
NP03754,3.170950594454668,4.0374011976541135,1
NP00072,2.9219280948873623,3.169925001442312,1
NP00459,3.0,2.8073549220576046,1
NP01586,2.5216406363433186,2.584962500721156,1
NP01409,2.5,2.8073549220576046,1
NP03936,3.446439344671015,4.142664355548851,1
NP03411,2.94770277922009,3.0,1
NP03326,3.2841837197791888,4.142664355548851,1
NP03250,3.6069367321753214,4.39231742277876,1
NP00801,2.6416041678685933,3.0,1
NP01949,2.721928094887362,3.169925001442312,1
NP03192,3.454168410357404,4.623516641218014,1
NP01829,3.0837651410695517,4.201841232302569,1
NP01230,3.084962500721156,3.459431618637298,1
NP04593,3.169925001442312,3.0,1
NP05943,1.9219280948873623,2.0,1
NP04441,2.725480556997868,3.0,1
NP02726,3.9134007456613777,4.706890595608519,1
NP01849,2.663532754804255,3.321928094887362,1
NP01795,2.4193819456463714,3.0,1
NP02011,3.5519705475093923,4.807354922057602,1
NP04445,3.0,2.8073549220576046,1
NP05820,2.2516291673878226,2.321928094887362,1
NP03002,3.6539967386657093,4.459431618637295,1
NP03437,2.5503407095463886,3.121928094887362,1
NP00242,3.085055102756477,3.584962500721156,1
NP02342,3.621175542919471,4.368522527728205,1
NP03303,2.873140679513133,3.418295834054489,1
NP00328,2.5503407095463886,3.321928094887362,1
NP01401,2.9219280948873623,3.169925001442312,1
NP02028,3.7271544555833214,5.713151523938108,1
NP00508,2.8073549220576046,2.584962500721156,1
NP05206,3.007196489685618,3.875,1
NP00361,2.5216406363433186,2.584962500721156,1
NP03884,3.7499412381433186,5.01499730265925,1
NP01635,3.0,2.8073549220576046,1
NP05570,3.277613436819116,3.321928094887362,1
NP00758,3.7289721408610004,5.072140159802107,1
NP00818,3.7080030435786817,5.129283016944964,1
NP03737,3.555533151426996,4.459431618637295,1
NP01990,2.321928094887362,2.94770277922009,1
NP01434,2.5,2.8073549220576046,1
NP02819,2.6464393446710153,3.169925001442312,1
NP04349,2.845350936622437,3.321928094887362,1
NP00871,3.6181190462662083,5.304682449772216,1
NP00944,2.9219280948873623,3.169925001442312,1
NP04339,2.9219280948873623,3.169925001442312,1
NP02381,3.7442035683118124,4.773557262275186,1
NP05021,3.454822399946607,4.0,1
NP03993,2.75,2.8073549220576046,1
NP03204,3.708132064658602,4.459431618637295,1
NP02004,2.725480556997868,3.0,1
NP03519,3.7869361305659472,5.700212064914751,1
NP02289,3.7264741182543757,4.680813428089397,1
NP01823,2.8073549220576046,2.584962500721156,1
NP03607,4.009924778782639,5.964996008356714,1
NP02846,3.6717782843817006,5.824846512965769,1
NP05531,3.2516291673878226,3.459431618637298,1
NP04794,3.9056869639193286,6.127909901861183,1
NP01364,2.721928094887362,2.94770277922009,1
NP05660,3.0243974703476995,3.5898980954642865,1
NP03142,3.4594911601991534,4.483856189774723,1
NP01024,3.2776134368191165,3.321928094887362,1
NP05929,1.7924812503605778,2.321928094887362,1
NP03829,2.688721875540867,3.277613436819116,1
NP03188,3.6841837197791887,4.247927513443588,1
NP04017,2.5,2.8073549220576046,1
NP00021,3.8197762809020075,5.985766053195651,1
NP02976,1.9219280948873623,2.0,1
NP04595,3.327819531114783,3.906890595608518,1
NP04827,3.08232813685843,4.1219280948873624,1
NP03176,3.4548223999466066,4.0,1
NP00449,3.202819531114783,3.906890595608518,1
NP00667,3.09306920777189,3.7004397181410926,1
NP05692,3.321928094887362,3.169925001442312,1
NP03391,2.751629167387823,3.459431618637298,1
NP05846,3.3785706071368122,4.810672622327237,1
NP00538,2.4056390622295662,2.8073549220576046,1
NP03518,3.7849418274376423,4.321928094887363,1
NP00936,3.3371753411230776,4.0,1
NP05213,2.721928094887362,3.169925001442312,1
NP00902,2.8423709931771093,3.7004397181410926,1
NP00617,2.6031579868726,3.4182958340544896,1
NP03369,2.94770277922009,3.0,1
NP05259,3.121928094887362,3.169925001442312,1
NP02532,2.725480556997868,3.0,1
NP01672,2.94770277922009,3.0,1
NP01716,2.94770277922009,3.0,1
NP05638,2.94770277922009,3.0,1
NP03393,2.688721875540867,3.459431618637298,1
NP01403,2.75,2.8073549220576046,1
NP03933,3.728972140861,5.01499730265925,1
NP05518,3.0220552088742,3.459431618637298,1
NP03872,3.526129815595918,4.754887502163471,1
NP04098,2.970950594454669,4.0374011976541135,1
NP05242,3.596039033895927,5.182838116298144,1
NP01735,1.9219280948873623,2.0,1
NP05046,2.75,2.8073549220576046,1
NP01468,3.2776134368191165,3.321928094887362,1
NP00002,2.8731406795131336,3.584962500721156,1
NP04370,2.9139770731827523,3.321928094887362,1
NP03748,3.525939943986514,4.807354922057602,1
NP04532,2.845350936622437,3.321928094887362,1
NP04427,3.1919643593194333,4.640223928941852,1
NP05613,2.5032583347756456,3.0,1
NP00716,4.043079082747918,6.080100046309862,1
NP04582,2.9219280948873623,3.169925001442312,1
NP00732,2.8855130303998817,3.8521687236032816,1
NP04038,2.5216406363433186,2.584962500721156,1
NP03837,2.845350936622437,3.1219280948873624,1
NP03071,2.721928094887362,3.169925001442312,1
NP04886,3.8888745355652516,5.955467798377779,1
NP01713,2.94770277922009,3.0,1
NP02815,2.75,2.8073549220576046,1
NP05548,2.8464393446710154,3.169925001442312,1
NP05552,2.584962500721156,2.321928094887362,1
NP05805,3.2516291673878226,3.459431618637298,1
NP00364,2.75,2.8073549220576046,1
NP01308,2.5,2.8073549220576046,1
NP02111,2.5216406363433186,2.584962500721156,1
NP01946,3.1219280948873624,3.169925001442312,1
NP03756,3.170950594454668,3.932138039759377,1
NP01936,2.9219280948873623,3.169925001442312,1
NP00719,2.7638651219508543,3.7871439606981414,1
NP00641,3.546439344671015,4.037401197654114,1
NP04953,3.5032583347756456,4.08746284125034,1
NP00520,2.725480556997868,3.0,1
NP04949,2.5,2.8073549220576046,1
NP00710,3.1692486956952335,4.0,1
NP03457,2.321928094887362,2.0,1
NP00485,2.8553885422075336,3.459431618637298,1
NP00637,3.202819531114783,3.906890595608518,1
NP01415,2.5,2.8073549220576046,1
NP00306,2.75,2.8073549220576046,1
NP02616,3.439936470397808,4.321928094887363,1
NP02347,3.817951821912948,5.072140159802107,1
NP03368,2.75,2.8073549220576046,1
NP00388,2.446439344671015,3.169925001442312,1
NP02473,3.5497419908938443,5.283208266525225,1
NP02539,2.9219280948873623,3.169925001442312,1
NP01014,3.5102941133473977,5.265466763497706,1
NP05274,3.2776134368191165,3.321928094887362,1
NP00293,2.75,2.8073549220576046,1
NP05524,2.8464393446710154,3.169925001442312,1
NP01818,1.9219280948873623,2.0,1
NP01062,3.677139104850461,4.875,1
NP03539,3.4613201402110083,4.08746284125034,1
NP03148,3.3787834934861767,3.7004397181410926,1
NP03203,2.94770277922009,3.0,1
NP04986,3.1395722619867223,3.52164063634332,1
NP02653,3.344698375159713,4.221928094887362,1
NP00940,2.6416041678685933,3.0,1
NP03323,3.221097250057958,3.9477027792200903,1
NP03098,2.321928094887362,2.0,1
NP00034,3.9812345444776884,6.053336083120172,1
NP03799,3.5413363769120147,4.957854445516393,1
NP05018,3.506890595608518,3.6644977792004623,1
NP04988,3.0220552088742,3.2776134368191165,1
NP03602,3.418295834054489,3.459431618637298,1
NP04997,3.121928094887362,3.169925001442312,1
NP03043,2.128085278891395,2.584962500721156,1
NP00303,3.0,2.8073549220576046,1
NP02279,3.7744551302868965,5.286729870981167,1
NP00434,2.75,2.8073549220576046,1
NP03734,3.3882870712362667,4.957854445516393,1
NP03320,2.952819531114783,3.773557262275185,1
NP02371,3.615171310247296,4.906890595608519,1
NP00302,2.8073549220576046,2.584962500721156,1
NP03211,3.0269868333592873,3.584962500721156,1
NP00313,3.169925001442312,3.0,1
NP01766,2.8553885422075336,3.459431618637298,1
NP03445,2.663532754804255,3.321928094887362,1
NP03195,2.94770277922009,3.0,1
NP00028,4.016910813791192,6.152895277907599,1
NP04475,2.751629167387823,3.2776134368191165,1
NP04257,3.0269868333592873,3.4182958340544896,1
NP00501,2.8402239289418523,3.6644977792004623,1
NP00866,1.9219280948873623,2.0,1
NP00435,2.75,2.8073549220576046,1
NP02983,2.9638096525384388,4.277613436819114,1
NP01268,3.2776134368191165,3.321928094887362,1
NP03390,2.103909910282364,3.251629167387823,1
NP03365,3.0850551027564768,3.584962500721156,1
NP01354,3.1555650133297197,4.169925001442313,1
NP00729,3.9436202319167735,5.980733034997636,1
NP04449,2.94770277922009,3.0,1
NP02676,3.5944656369614516,4.221928094887362,1
NP05767,3.219528282299548,3.875,1
NP05837,3.8292399318175785,5.01499730265925,1
NP05912,2.9864405016961446,4.001822825622231,1
NP05085,3.3248629576173574,3.7004397181410926,1
NP00271,2.75,2.8073549220576046,1
NP04621,2.8553885422075336,3.459431618637298,1
NP04464,3.0957952550009344,3.321928094887362,1
NP00109,3.459431618637298,3.321928094887362,1
NP04955,2.75,2.8073549220576046,1
NP01913,2.9477027792200903,3.0,1
NP01279,3.2402239289418517,3.8073549220576055,1
NP05049,3.0957952550009344,3.321928094887362,1
NP05931,0.9544340029249649,1.5566567074628228,1
NP05609,2.94770277922009,3.0,1
NP01974,2.9139770731827523,3.321928094887362,1
NP00780,3.8488846166291197,5.799589796579276,1
NP03316,3.5368867237421693,4.169925001442313,1
NP01832,2.75,2.8073549220576046,1
NP03764,3.238901256602631,3.584962500721156,1
NP00278,2.503258334775646,3.0,1
NP01192,2.2516291673878226,2.321928094887362,1
NP00465,2.4193819456463714,2.75,1
NP04799,3.9395284561444837,5.171928094887363,1
NP03105,2.584962500721156,2.321928094887362,1
NP04011,2.6464393446710153,2.94770277922009,1
NP02287,3.7979026896829478,4.680813428089397,1
NP03530,2.9772170014624826,3.773557262275185,1
NP03417,2.5216406363433186,2.584962500721156,1
NP01653,3.1898980954642866,3.8073549220576055,1
NP00261,3.5032583347756456,4.08746284125034,1
NP04998,2.9139770731827523,3.321928094887362,1
NP01110,3.4992275471326932,4.0,1
NP05786,2.1709505944546685,3.169925001442312,1
NP01206,2.2516291673878226,2.321928094887362,1
NP03053,2.9219280948873623,3.169925001442312,1
NP00049,3.584183719779189,4.142664355548851,1
NP01297,2.5032583347756456,2.75,1
NP05774,2.921928094887362,3.169925001442312,1
NP01594,2.94770277922009,3.0,1
NP03108,2.321928094887362,2.0,1
NP05819,2.94770277922009,3.0,1
NP03605,2.4464393446710155,2.94770277922009,1
NP02457,3.6883882832282944,5.341822894230831,1
NP02941,3.3521355399069055,4.440636352673265,1
NP00226,2.9219280948873623,3.169925001442312,1
NP00880,3.948875090923261,6.055911448133588,1
NP03894,2.94770277922009,3.0,1
NP05258,3.121928094887362,3.169925001442312,1
NP04013,2.75,2.8073549220576046,1
NP05091,3.614369445886757,4.08746284125034,1
NP00255,2.75,2.8073549220576046,1
NP00642,2.923231428797621,3.6644977792004623,1
NP01684,3.2516291673878226,3.459431618637298,1
NP01562,2.2359263506290326,2.584962500721156,1
NP04051,2.9219280948873623,3.169925001442312,1
NP01270,2.251629167387823,2.321928094887362,1
NP04060,1.5219280948873621,2.0,1
NP00851,3.9650182662886326,4.954196310386877,1
NP03294,3.381620107948735,4.459431618637295,1
NP03305,3.1018812234760187,4.0,1
NP01521,2.2516291673878226,2.321928094887362,1
NP00248,3.0,2.8073549220576046,1
NP02516,3.121928094887362,3.169925001442312,1
NP02896,2.8073549220576046,2.584962500721156,1
NP00832,3.611631325662362,5.003258334775643,1
NP05364,3.7544418457133446,4.39231742277876,1
NP05151,3.039148671903071,3.7004397181410926,1
NP01861,2.9139770731827523,3.321928094887362,1
NP00424,3.0,2.8073549220576046,1
NP05763,3.0957952550009344,3.321928094887362,1
NP05074,2.75,2.8073549220576046,1
NP00525,2.1556390622295662,2.8073549220576046,1
NP04018,2.5,2.8073549220576046,1
NP01933,2.725480556997868,3.0,1
NP01202,2.5216406363433186,2.584962500721156,1
NP02309,3.9698157824268105,5.044394119358456,1
NP04446,3.084962500721156,3.459431618637298,1
NP00059,2.75,2.8073549220576046,1
NP04815,1.9609640474436814,2.94770277922009,1
NP01620,3.240528260216712,4.368522527728205,1
NP01616,2.8553885422075336,3.459431618637298,1
NP05665,2.94770277922009,3.0,1
NP00979,3.929035670849004,6.141744485170476,1
NP03582,2.5216406363433186,2.584962500721156,1
NP00687,4.0857356828684726,6.049190599108365,1
NP01707,2.2516291673878226,2.321928094887362,1
NP01789,3.57243125132212,4.08746284125034,1
NP04951,3.327819531114783,3.906890595608518,1
NP00280,2.7321588913645702,3.321928094887362,1
NP00375,2.725480556997868,3.0,1
NP00321,2.9219280948873623,3.169925001442312,1
NP05647,3.3313842704802474,4.75,1
NP05581,3.169925001442312,3.0,1
NP03214,3.260828171224456,4.169925001442313,1
NP01912,2.725480556997868,3.0,1
NP00042,3.7643980966261976,5.480083695187445,1
NP01670,2.725480556997868,3.0,1
NP03998,2.725480556997868,3.0,1
NP02985,3.1182751607709758,4.321928094887363,1
NP04443,2.692380602454975,3.334679141051595,1
NP00697,3.3509093770885325,4.760647923290102,1
NP02829,2.5,2.8073549220576046,1
NP05905,2.8073549220576046,2.584962500721156,1
NP01193,2.721928094887362,3.169925001442312,1
NP03275,2.725480556997868,3.0,1
NP03859,3.676440908696869,4.735926350629031,1
NP01968,3.189898095464287,3.8073549220576055,1
NP01120,3.4039894464852614,4.321928094887363,1
NP04650,2.9139770731827523,3.321928094887362,1
NP03486,3.0269868333592873,3.584962500721156,1
NP02811,2.584962500721156,2.321928094887362,1
NP04583,2.75,2.8073549220576046,1
NP04001,2.980341972569083,4.021928094887362,1
NP03768,2.2516291673878226,2.321928094887362,1
NP03544,3.1219280948873624,3.169925001442312,1
NP03525,1.3709505944546687,2.0,1
NP04989,3.899626170292601,5.277569011092755,1
NP00258,3.0,2.8073549220576046,1
NP03506,2.2516291673878226,2.321928094887362,1
NP01854,3.8074451769552415,5.058813890331199,1
NP03309,2.7321588913645702,3.321928094887362,1
NP03897,2.725480556997868,3.0,1
NP03167,2.321928094887362,2.0,1
NP01507,2.725480556997868,3.0,1
NP00338,3.0,2.8073549220576046,1
NP01996,2.8150724101159437,3.584962500721156,1
NP00352,2.5032583347756456,2.75,1
NP03354,2.75,2.8073549220576046,1
NP02905,3.471354487013931,4.058813890331201,1
NP03221,2.6416041678685933,3.0,1
NP03763,3.238901256602631,3.584962500721156,1
NP03514,3.7163627213223203,5.201841232302572,1
NP02665,3.5843031793467124,4.5638561897747225,1
NP04275,3.3787834934861767,3.7004397181410926,1
NP03508,2.251629167387823,2.321928094887362,1
NP05192,3.3248629576173574,3.7004397181410926,1
NP01342,2.725480556997868,3.0,1
NP03534,3.929936566526046,5.490450622615565,1
NP00253,3.373557262275185,3.8073549220576055,1
NP00081,2.9219280948873623,3.169925001442312,1
NP01568,2.918295834054489,3.459431618637298,1
NP00350,2.503258334775646,3.0,1
NP02036,3.7216839650923204,5.666458515426863,1
NP01676,2.94770277922009,3.0,1
NP01048,3.0957952550009344,3.321928094887362,1
NP03375,3.121928094887362,3.169925001442312,1
NP03970,2.9219280948873623,3.169925001442312,1
NP04218,2.8150724101159437,3.584962500721156,1
NP01595,2.845350936622437,3.321928094887362,1
NP05375,2.6887218755408666,3.459431618637298,1
NP02979,1.9219280948873623,2.0,1
NP03900,3.7308075910906924,5.195295934496221,1
NP05199,3.3502090290998976,3.8521687236032816,1
NP05072,3.006238928653389,3.6644977792004623,1
NP04052,2.94770277922009,3.0,1
NP04599,2.9139770731827523,3.321928094887362,1
NP02548,4.068174190089592,5.999227547132698,1
NP04044,2.321928094887362,2.0,1
NP03039,2.128085278891395,2.584962500721156,1
NP04226,2.7219280948873625,3.169925001442312,1
NP02661,3.6995138503199665,4.680813428089397,1
NP02346,3.8588029144615943,5.044394119358456,1
NP05006,3.182005814760214,3.5465935642949384,1
NP00937,3.039148671903071,3.7004397181410926,1
NP03215,3.084962500721156,3.2776134368191165,1
NP05073,3.4548223999466066,4.0,1
NP00669,2.984183719779189,4.142664355548851,1
NP03981,2.75,2.8073549220576046,1
NP05726,3.653756708287001,4.221928094887362,1
NP03196,2.59490661824394,3.1219280948873624,1
NP05009,3.3239348962840563,4.1757358691004915,1
NP04082,3.9232314287976204,4.857980995127571,1
NP05818,2.5216406363433186,2.584962500721156,1
NP00859,3.176150649781593,4.5232314287976205,1
NP05409,2.9219280948873623,3.169925001442312,1
NP00526,2.5,2.8073549220576046,1
NP00292,2.75,2.8073549220576046,1
NP02038,3.881891330835726,5.713151523938108,1
NP04084,2.5216406363433186,2.584962500721156,1
NP03793,1.3709505944546687,1.5,1
NP03876,3.0957952550009344,3.321928094887362,1
NP04957,2.94770277922009,3.0,1
NP02583,3.8403481929558567,6.166634835412172,1
NP05003,2.8464393446710154,2.94770277922009,1
NP00781,3.4397106501513606,4.623516641218014,1
NP01920,3.452819531114783,4.825164052322361,1
NP00055,2.75,2.8073549220576046,1
NP00446,3.0,2.8073549220576046,1
NP03608,4.020008766570328,5.964996008356713,1
NP02691,3.883337460421007,4.735926350629031,1
NP02430,3.8092272219737158,5.384376085720193,1
NP00702,4.001144862128964,6.001152677888808,1
NP02715,3.8980685120588383,4.720049960644813,1
NP01888,2.94770277922009,3.0,1
NP01561,2.94770277922009,3.0,1
NP04182,3.3651207899790587,5.154222184683524,1
NP05270,2.584962500721156,2.321928094887362,1
NP01745,3.139572261986723,3.8073549220576055,1
NP03123,2.75,2.8073549220576046,1
NP01181,2.4193819456463714,3.0,1
NP01157,3.0957952550009344,3.321928094887362,1
NP03100,3.724467734010617,5.106603137064476,1
NP03627,3.1701348924281927,4.297079327540665,1
NP01999,2.7321588913645702,3.321928094887362,1
NP00774,3.2639334294856344,4.0,1
NP03828,2.688721875540867,3.277613436819116,1
NP03127,2.6612262562697895,3.4182958340544896,1
NP03505,2.5216406363433186,2.584962500721156,1
NP03271,2.6455933144511468,3.5465935642949384,1
NP01322,2.9219280948873623,3.169925001442312,1
NP05601,2.9219280948873623,3.169925001442312,1
NP03926,3.5232314287976205,4.789015477886192,1
NP01646,2.8729055953200553,3.52164063634332,1
NP00949,3.2359263506290334,3.7004397181410926,1
NP05775,2.9232314287976204,3.6644977792004623,1
NP03890,3.884795487373134,5.01499730265925,1
NP02577,3.7612992517077504,6.064129167387826,1
NP00466,2.75,2.8073549220576046,1
NP02993,3.8305934291738564,6.057030354389316,1
NP05784,3.459431618637298,3.321928094887362,1
NP03415,2.5216406363433186,2.584962500721156,1
NP03165,1.9219280948873623,2.0,1
NP04718,3.650160231405393,4.932138039759376,1
NP00464,2.725480556997868,3.0,1
NP05231,3.759752614268647,5.221928094887364,1
NP04059,3.327819531114783,3.906890595608518,1
NP00327,2.9139770731827523,3.321928094887362,1
NP00511,3.736006946447657,4.700439718141092,1
NP03540,3.26804882875796,4.221928094887362,1
NP05585,2.721928094887362,2.94770277922009,1
NP00962,3.755120689408409,5.56283078608864,1
NP02172,3.6312929881819005,4.6578823768686535,1
NP03928,3.80827083453526,5.072140159802107,1
NP00568,2.663532754804255,3.321928094887362,1
NP05226,3.7249195402612907,5.155399311574899,1
NP01254,3.169925001442312,3.0,1
NP05927,3.4935423971431803,5.163482026499081,1
NP03036,2.128085278891395,2.584962500721156,1
NP01466,2.9219280948873623,3.169925001442312,1
NP01725,2.94770277922009,3.0,1
NP04148,3.020727779800786,4.201841232302569,1
NP00808,2.197159723424149,3.0,1
NP04058,2.5216406363433186,2.584962500721156,1
NP05890,3.7916391023352767,6.04980639170667,1
NP02353,3.7526370181546294,4.923181998146335,1
NP01052,3.9435833721761084,5.950840434929963,1
NP00587,3.0,2.8073549220576046,1
NP03533,3.527518266288633,4.825164052322361,1
NP05824,2.94770277922009,3.0,1
NP01778,2.845350936622437,3.321928094887362,1
NP04136,3.320337676927098,5.053055907333277,1
NP01154,2.5216406363433186,2.584962500721156,1
NP05011,3.60548674192318,4.8125,1
NP01664,2.721928094887362,3.169925001442312,1
NP02823,2.75,2.8073549220576046,1
NP00438,3.121928094887362,3.169925001442312,1
NP00285,2.75,2.8073549220576046,1
NP02099,2.8073549220576046,2.584962500721156,1
NP04447,3.0,2.8073549220576046,1
NP01863,2.840223928941852,3.6644977792004623,1
NP02334,3.5002836880550534,4.623516641218015,1
NP03401,2.2359263506290326,2.584962500721156,1
NP03119,3.546880788794848,4.829966150010237,1
NP00026,3.850557756323188,6.057773668212784,1
NP02325,3.4825887305018335,4.720049960644813,1
NP00389,2.7219280948873625,3.169925001442312,1
NP02889,2.584962500721156,2.321928094887362,1
NP01552,2.721928094887362,3.169925001442312,1
NP03430,3.8983429735713684,5.047291203466791,1
NP02936,3.260828171224456,4.058813890331201,1
NP02884,2.321928094887362,2.0,1
NP00426,2.8073549220576046,2.584962500721156,1
NP01371,2.9139770731827523,3.321928094887362,1
NP01538,2.94770277922009,3.0,1
NP03155,3.0488840705376354,4.334962500721156,1
NP04438,2.75,2.8073549220576046,1
NP03273,2.4193819456463714,3.0,1
NP03857,3.419250912838829,4.857980995127571,1
NP04688,3.180832987205441,3.584962500721156,1
NP00824,4.052937162758219,5.447408651885229,1
NP05605,2.721928094887362,3.169925001442312,1
NP01671,2.725480556997868,3.0,1
NP01450,2.725480556997868,2.75,1
NP03631,3.3491791569393743,4.754887502163471,1
NP00001,1.8799649487271108,2.75,1
NP02752,4.100293289811419,5.934611413299903,1
NP01301,3.0,2.8073549220576046,1
NP03278,2.4193819456463714,2.5,1
NP05717,2.721928094887362,3.169925001442312,1
NP02198,3.7777768114567865,4.900306619292897,1
NP01203,2.5216406363433186,2.584962500721156,1
NP04004,3.266056258283368,4.221928094887362,1
NP01351,2.5,2.8073549220576046,1
NP02797,2.584962500721156,2.321928094887362,1
NP05691,2.9219280948873623,3.169925001442312,1
NP05282,2.321928094887362,2.0,1
NP02600,3.6692750707107127,4.584962500721156,1
NP01844,2.4193819456463714,3.0,1
NP02065,2.8464393446710154,2.94770277922009,1
NP00326,2.663532754804255,3.321928094887362,1
NP01815,2.725480556997868,3.0,1
NP01723,2.94770277922009,3.0,1
NP01392,2.2359263506290326,2.584962500721156,1
NP05646,2.663532754804255,3.121928094887362,1
NP02812,2.8073549220576046,2.584962500721156,1
NP05693,3.0271691184406193,3.321928094887362,1
NP03095,2.94770277922009,3.0,1
NP01402,2.75,2.8073549220576046,1
NP02757,3.4992275417233567,4.321928094887363,1
NP03120,2.5,2.8073549220576046,1
NP01679,3.0957952550009344,3.321928094887362,1
NP05838,2.725480556997868,3.0,1
NP05722,3.0957952550009344,3.321928094887362,1
NP03134,3.0,2.8073549220576046,1
NP03324,3.0269868333592873,3.584962500721156,1
NP01314,2.721928094887362,3.169925001442312,1
NP04054,2.584962500721156,2.321928094887362,1
NP00076,2.75,2.8073549220576046,1
NP03424,3.170653660032732,4.4838561897747224,1
NP05520,3.418295834054489,3.459431618637298,1
NP02592,3.5312105997842296,4.900711588373536,1
NP02602,3.644152096415609,4.947702779220088,1
NP04758,3.500701424423243,5.233905185567573,1
NP04878,3.784650295452484,5.090032776601483,1
NP03258,3.5068905956085183,3.8073549220576055,1
NP04764,3.7820896423727435,4.984769618706745,1
NP01820,2.584962500721156,2.321928094887362,1
NP00393,2.5032583347756456,3.0,1
NP02533,2.94770277922009,3.0,1
NP03209,3.106890595608519,3.8073549220576055,1
NP03283,2.9219280948873623,3.169925001442312,1
NP02423,3.485917579505496,4.651084443403434,1
NP03472,2.9219280948873623,3.169925001442312,1
NP02063,2.9219280948873623,3.169925001442312,1
NP03747,3.5647351787255057,4.720049960644813,1
NP02755,3.9127096417892364,5.885593774403783,1
NP01221,2.9139770731827523,3.321928094887362,1
NP00707,3.933358078150663,5.941931802572797,1
NP01285,2.7773627950641697,3.4182958340544896,1
NP03868,3.3304399385868573,4.889680181354619,1
NP03538,3.437436632688363,4.7068905956085185,1
NP00588,3.375,3.906890595608518,1
NP03370,2.584962500721156,2.321928094887362,1
NP02519,3.121928094887362,3.169925001442312,1
NP00794,3.469544356972731,4.735926350629031,1
NP03483,2.94770277922009,3.0,1
NP01244,2.5032583347756456,3.0,1
NP05529,2.9219280948873623,3.169925001442312,1
NP01162,3.182005814760214,3.7004397181410926,1
NP01610,3.197159723424149,4.08746284125034,1
NP05761,3.0957952550009344,3.321928094887362,1
NP01396,2.94770277922009,3.0,1
NP05741,3.2776134368191165,3.321928094887362,1
NP03975,2.75,2.8073549220576046,1
NP00474,3.0,2.8073549220576046,1
NP03266,2.7192945256669794,3.4182958340544896,1
NP03357,3.2516291673878226,3.459431618637298,1
NP03501,2.2516291673878226,2.321928094887362,1
NP04490,3.169925001442312,3.0,1
NP04071,3.3787834934861767,3.7004397181410926,1
NP03950,3.115834092163221,3.9477027792200903,1
NP02810,3.084962500721156,3.459431618637298,1
NP00685,3.9381985718395067,5.924395006828621,1
NP02259,3.8871105430031174,6.176825287801808,1
NP03632,3.469576746316394,4.789015477886192,1
NP02898,2.2516291673878226,2.321928094887362,1
NP02035,3.6135870666342615,5.500138107159235,1
NP00840,3.7737934878245243,5.1699250014423095,1
NP01678,2.75,2.8073549220576046,1
NP01608,2.721928094887362,3.169925001442312,1
NP00218,3.815410725242699,4.6808134280893965,1
NP03086,2.5,2.8073549220576046,1
NP05217,3.9024797254714794,6.000023512924218,1
NP02308,3.9353986674667634,4.807354922057602,1
NP01294,2.721928094887362,3.169925001442312,1
NP05654,2.725480556997868,3.0,1
NP03473,2.725480556997868,3.0,1
NP03410,3.1462863706621045,4.0,1
NP02807,3.5585186130489057,4.321928094887363,1
NP01979,2.4056390622295662,2.8073549220576046,1
NP04069,2.2359263506290326,2.584962500721156,1
NP01709,2.725480556997868,3.0,1
NP05697,3.121928094887362,3.169925001442312,1
NP04775,3.969635177423308,6.1158470103578155,1
NP03172,2.8423709931771093,3.5465935642949384,1
NP01902,2.721928094887362,3.169925001442312,1
NP03731,3.4118394835727806,4.8125,1
NP01486,2.6464393446710153,3.169925001442312,1
NP03891,3.916607904809985,5.01499730265925,1
NP04502,2.9182958340544896,3.459431618637298,1
NP03888,3.767993392560786,4.807354922057602,1
NP00831,3.840018266288633,4.954196310386877,1
NP00421,2.5,2.8073549220576046,1
NP04006,3.702471512219747,4.66449777920046,1
NP01938,2.5032583347756456,3.0,1
NP03435,2.35274578087187,3.3927474104487847,1
NP02174,3.7160160623359078,4.9837880587523955,1
NP01410,3.121928094887362,3.169925001442312,1
NP04948,3.202819531114783,3.906890595608518,1
NP01380,2.75,2.8073549220576046,1
NP01290,2.4193819456463714,3.0,1
NP03254,3.0957952550009344,3.321928094887362,1
NP02352,3.952302977662386,4.807354922057602,1
NP03359,2.25,2.8073549220576046,1
NP05535,3.182005814760214,3.7004397181410926,1
NP02604,3.535174565635903,4.321928094887363,1
NP00251,3.2359263506290334,3.7004397181410926,1
NP03439,2.688721875540867,3.459431618637298,1
NP04759,3.381580488309164,4.0,1
NP01397,1.9219280948873623,2.0,1
NP01284,2.9182958340544896,3.459431618637298,1
NP00997,3.687663154957106,5.530394654123198,1
NP01626,2.584962500721156,2.321928094887362,1
NP04439,2.94770277922009,3.0,1
NP04166,3.3507062744353058,4.396439344671015,1
NP05826,2.5032583347756456,3.0,1
NP01633,3.0850551027564768,3.418295834054489,1
NP02901,3.36030597770208,4.459431618637295,1
NP01219,3.7720804237685597,5.247927513443589,1
NP03559,3.0269868333592873,3.584962500721156,1
NP05616,1.9182958340544893,1.9219280948873623,1
NP05729,3.121928094887362,3.169925001442312,1
NP04737,3.8716613826835102,5.832030007604621,1
NP05694,2.6416041678685933,3.0,1
NP05155,3.057476076289932,3.875,1
NP01855,3.725480556997868,4.08746284125034,1
NP04031,1.9219280948873623,2.0,1
NP02827,2.75,2.8073549220576046,1
NP01289,3.0849625007211556,3.459431618637298,1
NP03158,2.2516291673878226,2.321928094887362,1
NP03978,2.4464393446710155,2.94770277922009,1
NP00092,3.0,2.8073549220576046,1
NP01429,2.5032583347756456,3.0,1
NP01837,2.7219280948873625,3.169925001442312,1
NP03997,3.500283688055054,4.623516641218014,1
NP03455,3.5342436128428614,4.81207571250588,1
NP03835,2.9219280948873623,3.169925001442312,1
NP04419,3.354259649333686,4.601409765557392,1
NP02939,3.807845264916578,5.563856189774728,1
NP04299,3.085055102756477,3.4182958340544896,1
NP03470,3.121928094887362,3.169925001442312,1
NP02699,3.725650756112093,4.321928094887363,1
NP03557,3.881956565665141,5.973286455784831,1
NP05398,3.513784724225434,4.700439718141092,1
NP03174,3.4565647621309536,3.8073549220576055,1
NP03219,2.7219280948873625,3.169925001442312,1
NP00845,3.7845276964165553,5.01499730265925,1
NP03485,2.94770277922009,3.0,1
NP00857,3.6585323390004594,5.1699250014423095,1
NP01579,3.238901256602631,3.584962500721156,1
NP04099,3.2618373950396613,4.926427859887888,1
NP00063,3.0,2.8073549220576046,1
NP03049,2.721928094887362,3.169925001442312,1
NP03956,3.8156225708266596,5.072140159802107,1
NP00075,3.121928094887362,3.169925001442312,1
NP05569,2.725480556997868,3.0,1
NP03496,2.2359263506290326,2.584962500721156,1
NP04983,3.180832987205441,3.584962500721156,1
NP05536,3.7849418274376423,4.321928094887363,1
NP00300,2.75,2.8073549220576046,1
NP04910,4.090492691651281,5.905511031453129,1
NP01808,3.0220552088742005,3.459431618637298,1
NP03117,2.663532754804255,3.321928094887362,1
NP02745,3.606936732175321,4.39231742277876,1
NP02974,3.488554862192845,5.01499730265925,1
NP01344,2.2810361125534238,3.0,1
NP03023,3.9013742227059125,6.178838649771186,1
NP03163,3.0565647621309537,3.8073549220576055,1
NP05048,3.4555821513866922,4.8625759375402735,1
NP03647,3.1377968115985952,4.418295834054489,1
NP03180,3.2516291673878226,3.459431618637298,1
NP00347,2.721928094887362,2.94770277922009,1
NP02354,3.2534343861887853,4.310443057719025,1
NP05785,2.721928094887362,3.169925001442312,1
NP01994,2.75,2.8073549220576046,1
NP02294,3.7454064259382482,4.807354922057602,1
NP00836,3.6542637259970228,4.9375,1
NP02442,3.630985019785137,4.906890595608519,1
NP05261,2.8073549220576046,2.584962500721156,1
NP02554,3.958890788641637,5.716214253900366,1
NP01209,2.94770277922009,3.0,1
NP03965,3.4947396630551757,4.582118926162055,1
NP00477,2.9219280948873623,3.169925001442312,1
NP05930,1.4591479170272446,2.321928094887362,1
NP00359,2.75,2.8073549220576046,1
NP05044,3.6168746059562227,4.0,1
NP05578,2.1556390622295662,2.8073549220576046,1
NP00701,4.005946357375307,5.980733034997636,1
NP03403,2.5216406363433186,2.584962500721156,1
NP05129,3.824252831282987,4.875,1
NP05380,3.4972997175517166,4.73452166477975,1
NP02590,3.5697738350294785,4.523561956057013,1
NP00358,2.5032583347756456,3.0,1
NP01998,3.442862165155466,4.39231742277876,1
NP00778,3.8538632199977885,4.807354922057602,1
NP01387,1.8423709931771088,2.584962500721156,1
NP04594,2.9139770731827523,3.321928094887362,1
NP02291,3.8746697102453482,5.129283016944964,1
NP03191,3.238901256602631,3.584962500721156,1
NP01112,3.5032583347756456,4.08746284125034,1
NP01211,2.725480556997868,3.0,1
NP03484,2.725480556997868,2.75,1
NP05623,3.4817145729860726,4.39231742277876,1
NP03535,3.5068905956085183,3.8073549220576055,1
NP02808,2.8073549220576046,2.584962500721156,1
NP03931,3.840083251972111,5.072140159802107,1
NP02982,3.5055875858619334,4.9362862311688644,1
NP03207,2.7534343861887853,3.7004397181410926,1
NP03454,3.0271691184406193,3.321928094887362,1
NP05720,2.921928094887362,3.169925001442312,1
NP00058,2.8464393446710154,3.169925001442312,1
NP00310,2.725480556997868,3.0,1
NP02636,3.9144093452479405,4.857980995127571,1
NP02412,3.625807235905091,4.889680181354619,1
NP00029,3.947803857403153,6.071098141994606,1
NP00437,2.94770277922009,3.0,1
NP03497,2.2359263506290326,2.584962500721156,1
NP03513,1.9219280948873623,2.0,1
NP00693,3.433379577793649,4.9837880587523955,1
NP00887,2.5032583347756456,3.0,1
NP00272,2.9219280948873623,3.169925001442312,1
NP03317,3.327819531114783,3.906890595608518,1
NP00888,2.7321588913645702,3.121928094887362,1
NP03871,3.625930309068037,5.01499730265925,1
NP03208,3.327819531114783,3.773557262275185,1
NP04223,2.9219280948873623,3.169925001442312,1
NP03267,3.0269868333592873,3.4182958340544896,1
NP01681,2.5216406363433186,2.584962500721156,1
NP03122,2.6464393446710153,3.169925001442312,1
NP03794,3.6842599054599776,5.072140159802107,1
NP00951,3.5788023624917784,5.0,1
NP01251,3.1219280948873624,3.169925001442312,1
NP03216,3.4314134569803287,4.277613436819114,1
NP05728,3.2776134368191165,3.321928094887362,1
NP00983,2.845350936622437,3.121928094887362,1
NP01448,2.5032583347756456,3.0,1
NP01842,2.9182958340544896,3.459431618637298,1
NP05633,3.375,3.640223928941851,1
NP03244,2.5216406363433186,2.584962500721156,1
NP01413,2.94770277922009,3.0,1
NP02833,2.4056390622295662,2.8073549220576046,1
NP02048,2.321928094887362,2.0,1
NP02531,3.121928094887362,3.169925001442312,1
NP00494,2.584962500721156,3.459431618637298,1
NP01944,2.721928094887362,3.169925001442312,1
NP05266,2.873140679513133,3.584962500721156,1
NP01148,1.9219280948873623,2.0,1
NP01381,2.94770277922009,3.0,1
NP02786,3.803508854797679,4.523561956057013,1
NP00943,2.8522170014624826,3.5898980954642865,1
NP03402,3.1219280948873624,3.169925001442312,1
NP01418,2.5216406363433186,2.584962500721156,1
NP03340,3.2516291673878226,3.459431618637298,1
NP02127,3.418295834054489,3.459431618637298,1
NP02534,2.721928094887362,3.169925001442312,1
NP05948,2.725480556997868,3.0,1
NP02675,3.6764409086968683,4.593069207771888,1
NP05695,3.121928094887362,3.169925001442312,1
NP03114,2.725480556997868,3.0,1
NP02000,2.721928094887362,3.169925001442312,1
NP02055,4.020769203904093,5.870479201512647,1
NP00505,3.0,2.8073549220576046,1
NP02709,3.620571577105421,4.923181998146335,1
NP01160,3.121928094887362,3.169925001442312,1
NP05025,2.7334585933443494,3.640223928941851,1
NP00989,3.3263604079526954,4.169925001442313,1
NP02026,3.6749338393867395,5.547636167541364,1
NP02596,3.9200962973696627,5.368522527728204,1
NP00714,2.8709505944546687,3.7871439606981414,1
NP00399,3.2390979179887864,3.969815782426811,1
NP00289,2.75,2.8073549220576046,1
NP03564,3.238901256602631,3.418295834054489,1
NP05639,2.663532754804255,3.321928094887362,1
NP01744,2.663532754804255,3.321928094887362,1
NP03115,2.5216406363433186,2.584962500721156,1
NP00683,3.572960658397676,5.1553993115749,1
NP03040,2.5216406363433186,2.584962500721156,1
NP00633,3.3502090290998976,4.08746284125034,1
NP01253,2.25,2.8073549220576046,1
NP01609,2.2359263506290326,2.584962500721156,1
NP03639,3.0670314951575843,4.606739354015322,1
NP02017,3.6280729963885094,4.857980995127571,1
NP04993,2.725480556997868,3.0,1
NP01636,2.75,2.8073549220576046,1
NP00681,3.970458071792755,5.913762788488291,1
NP01794,2.94770277922009,3.0,1
NP05776,3.182005814760214,3.7004397181410926,1
NP02692,3.2903216092483056,4.368522527728205,1
NP02878,2.321928094887362,2.0,1
NP00318,2.521928094887362,3.169925001442312,1
NP05243,3.542371897604177,4.781687083026442,1
NP03504,2.2516291673878226,2.321928094887362,1
NP05770,2.9219280948873623,3.169925001442312,1
NP04303,3.3660913291191936,4.169925001442313,1
NP04974,2.725480556997868,3.0,1
NP04782,3.3452716762274033,4.8530559073332755,1
NP05919,2.934693951646702,4.418295834054489,1
NP05158,2.25,2.8073549220576046,1
NP03962,3.4681390622295662,4.696131794257844,1
NP03598,2.725480556997868,3.0,1
NP03325,2.6258145836939115,3.2776134368191165,1
NP01407,2.5032583347756456,3.0,1
NP05640,3.534219021180341,4.368522527728205,1
NP04460,2.663532754804255,3.321928094887362,1
NP00090,3.0,2.8073549220576046,1
NP02623,3.8314018453921714,4.651084443403434,1
NP00497,2.721928094887362,3.169925001442312,1
NP00726,3.93171055226494,6.037071063166649,1
NP01419,2.94770277922009,3.0,1
NP02639,3.8349625007211565,4.523561956057013,1
NP01995,3.384183719779189,4.247927513443588,1
NP02372,3.8567236036289696,5.782243907394998,1
NP00813,3.039148671903071,3.7004397181410926,1
NP04118,3.34438245924674,4.997676699687266,1
NP05822,2.725480556997868,3.0,1
NP03511,2.321928094887362,2.0,1
NP05522,3.2776134368191165,3.321928094887362,1
NP04973,2.2359263506290326,2.2516291673878226,1
NP02879,2.584962500721156,2.321928094887362,1
NP00618,3.0269868333592873,3.584962500721156,1
NP00734,2.8464393446710154,3.169925001442312,1
NP04994,2.725480556997868,3.0,1
NP01339,2.725480556997868,3.0,1
NP01115,3.5351745656359026,4.221928094887362,1
NP04102,3.441084980573949,4.789015477886192,1
NP04016,2.75,2.8073549220576046,1
NP04967,2.75,2.8073549220576046,1
NP05260,3.121928094887362,3.169925001442312,1
NP01698,2.94770277922009,3.0,1
NP03171,2.75,2.8073549220576046,1
NP01093,3.8004834718261398,5.379753126795121,1
NP03815,2.5216406363433186,2.584962500721156,1
NP00130,2.75,2.8073549220576046,1
NP05523,2.94770277922009,3.0,1
NP00297,2.5,2.8073549220576046,1
NP01576,2.94770277922009,3.0,1
NP00682,4.073077220464969,6.101138651056417,1
NP00263,3.0957952550009344,3.321928094887362,1
NP02877,1.8423709931771088,2.2516291673878226,1
NP04420,3.9639223118776665,6.1635794101652515,1
NP04483,2.845350936622437,3.321928094887362,1
NP01167,2.75,2.8073549220576046,1
NP01878,2.725480556997868,3.0,1
NP03233,3.2516291673878226,3.459431618637298,1
NP01422,2.663532754804255,3.121928094887362,1
NP02014,3.587858798299509,4.700439718141092,1
NP02690,3.752637018154629,5.044394119358456,1
NP03228,2.721928094887362,3.169925001442312,1
NP02003,2.94770277922009,3.0,1
NP04442,2.94770277922009,3.0,1
NP01948,2.75,2.8073549220576046,1
NP05219,3.9472801463483314,6.066450536053743,1
NP04963,2.5216406363433186,2.584962500721156,1
NP00319,2.725480556997868,2.75,1
NP02903,3.182005814760214,3.5465935642949384,1
NP03274,2.6416041678685933,3.0,1
NP03287,2.521928094887362,3.169925001442312,1
NP03121,2.5216406363433186,2.584962500721156,1
NP02001,2.9219280948873623,3.169925001442312,1
NP05216,4.083004246003118,6.227370076283627,1
NP00816,3.7091891763228166,5.1699250014423095,1
NP03971,2.75,2.8073549220576046,1
NP05845,3.819729172626822,6.064163450551691,1
NP00048,3.961076880026371,5.492260864523372,1
NP03758,3.3927474104487847,3.584962500721156,1
NP04970,2.725480556997868,3.0,1
NP01360,2.94770277922009,3.0,1
NP01830,2.321928094887362,2.0,1
NP03604,3.3232314287976203,3.6644977792004623,1
NP05945,2.2359263506290326,2.584962500721156,1
NP00623,2.872905595320056,3.6644977792004623,1
NP00985,3.571567685776693,5.687233821923345,1
NP05807,3.2516291673878226,3.459431618637298,1
NP01693,2.5,2.8073549220576046,1
NP00827,3.8306423260368563,5.29730004072604,1
NP01928,2.75,2.8073549220576046,1
NP00093,3.0,2.8073549220576046,1
NP04613,2.845350936622437,3.321928094887362,1
NP05379,3.565448371820825,4.643856189774723,1
NP04663,2.725480556997868,3.0,1
NP02070,3.003112542159206,3.905764584655453,1
NP00704,3.9226130240419734,5.941931802572798,1
NP02418,3.9963843160385055,5.357552004618081,1
NP02894,1.9219280948873623,2.0,1
NP00539,3.0,2.8073549220576046,1
NP03362,2.94770277922009,3.0,1
NP03276,2.4193819456463714,2.75,1
NP05230,3.864398810743118,5.271928094887364,1
NP03968,3.3927474104487847,3.584962500721156,1
NP00817,3.6116313256623624,5.114369445886754,1
NP04932,3.056020968057882,4.483856189774723,1
NP00336,2.8073549220576046,2.584962500721156,1
NP03481,2.5032583347756456,2.75,1
NP01196,2.5216406363433186,2.584962500721156,1
NP00264,2.94770277922009,3.0,1
NP04391,3.039148671903071,3.7004397181410926,1
NP01838,2.725480556997868,3.0,1
NP01267,3.6635327548042538,4.39231742277876,1
NP04070,2.9219280948873623,3.169925001442312,1
NP05934,0.9709505944546686,1.5,1
NP00498,2.721928094887362,3.169925001442312,1
NP03529,3.085055102756477,3.418295834054489,1
NP01334,2.321928094887362,2.94770277922009,1
NP01869,3.1219280948873624,3.169925001442312,1
NP03663,3.574418313907282,4.720049960644813,1
NP05936,1.3709505944546687,2.0,1
NP00939,3.0565647621309537,3.6644977792004623,1
NP02350,3.824252831282987,4.875,1
NP00933,3.3371753411230776,3.875,1
NP00487,2.521928094887362,3.169925001442312,1
NP02102,2.8073549220576046,2.584962500721156,1
NP03974,2.2516291673878226,2.321928094887362,1
NP02322,3.743683843477003,5.047291203466791,1
NP03029,2.2359263506290326,2.584962500721156,1
NP02779,3.718953282045022,5.044394119358456,1
NP01161,2.9219280948873623,3.169925001442312,1
NP02073,3.0957952550009344,3.321928094887362,1
NP01286,2.6464393446710153,2.94770277922009,1
NP00118,3.0,2.8073549220576046,1
NP03162,2.128085278891395,2.584962500721156,1
NP01534,2.94770277922009,3.0,1
NP05895,3.8030128438267194,6.092817144394842,1
NP00938,2.321928094887362,3.169925001442312,1
NP05696,2.9219280948873623,3.169925001442312,1
NP02018,3.7883413396567494,4.807354922057602,1
NP02599,3.889049535914169,4.840223928941852,1
NP03301,3.219528282299548,3.875,1
NP01686,2.9182958340544896,3.459431618637298,1
NP02684,3.4701755214643453,4.523561956057013,1
NP02023,3.821153472941281,5.546593564294941,1
NP02051,3.8099827465295886,5.55477828314797,1
NP02492,3.7717216165616274,5.384376085720193,1
NP04138,3.9538207817281634,5.864369445886759,1
NP00834,3.6006482998092086,4.947702779220088,1
NP02828,3.0,2.8073549220576046,1
NP01987,3.029452044030914,4.277613436819114,1
NP03243,2.5503407095463886,3.321928094887362,1
NP03156,2.845350936622437,3.321928094887362,1
NP03433,3.642583948033353,5.003258334775643,1
NP02021,3.618239297557139,5.478670650299985,1
NP02853,4.014887016376773,5.554778283147971,1
NP00296,2.725480556997868,3.0,1
NP00695,3.8653497871473332,5.857424760319277,1
NP01518,2.251629167387823,2.321928094887362,1
NP02801,2.2516291673878226,2.321928094887362,1
NP03856,3.7052290027422967,4.900711588373536,1
NP03636,3.335589845973749,4.889680181354619,1
NP00848,3.6452830147930793,5.1699250014423095,1
NP02332,3.743683843477003,4.993237149412737,1
NP02064,2.6464393446710153,3.169925001442312,1
NP01365,3.0,2.8073549220576046,1
NP01997,3.25,3.906890595608518,1
NP02772,3.7843684875968613,4.840223928941852,1
NP01857,2.9219280948873623,3.169925001442312,1
NP05756,2.94770277922009,3.0,1
NP03592,3.337175341123077,4.0,1
NP01405,1.9182958340544893,2.321928094887362,1
NP01341,3.0,2.8073549220576046,1
NP04437,3.146286370662105,4.0,1
NP04809,3.291392876170963,4.1219280948873624,1
NP05617,2.9219280948873623,3.169925001442312,1
NP03502,2.5216406363433186,2.584962500721156,1
NP02496,3.8987684715120805,5.16243005339857,1
NP03363,3.180832987205441,3.584962500721156,1
NP02557,4.037981404671065,5.8402239289418505,1
NP03409,2.840223928941852,3.8073549220576055,1
NP05836,3.7618063559825985,6.16753057016394,1
NP00735,3.4193819456463714,3.969815782426811,1
NP05625,2.94770277922009,3.0,1
NP03459,3.5814447879326115,4.735926350629031,1
NP02052,3.653756708287001,4.221928094887362,1
NP05031,3.454822399946607,4.0,1
NP01385,2.5032583347756456,3.0,1
NP01348,3.084962500721156,3.459431618637298,1
NP03272,2.5027361715940035,3.238901256602631,1
NP03373,2.873140679513133,3.584962500721156,1
NP04101,3.5833853836679515,5.77874347848594,1
NP04863,3.840098016757248,5.812835830258337,1
NP02537,2.725480556997868,3.0,1
NP02160,3.084962500721156,3.459431618637298,1
NP05782,3.2776134368191165,3.321928094887362,1
NP02837,2.321928094887362,2.94770277922009,1
NP00595,3.2359263506290334,3.7004397181410926,1
NP05740,3.2776134368191165,3.321928094887362,1
NP03762,2.2516291673878226,2.321928094887362,1
NP03311,3.4144413036949723,4.368522527728205,1
NP03048,1.950212064914747,2.2516291673878226,1
NP03478,2.8464393446710154,3.169925001442312,1
NP01737,3.4992275471326932,4.0,1
NP01282,3.219528282299548,4.0,1
NP03853,3.0130709291038453,4.0,1
NP03864,3.6074753914554893,4.735926350629031,1
NP01417,2.75,2.8073549220576046,1
NP03285,2.725480556997868,3.0,1
NP04573,3.084962500721156,3.459431618637298,1
NP01280,3.0957952550009344,3.321928094887362,1
NP00383,3.09306920777189,3.5465935642949384,1
NP03030,2.128085278891395,2.584962500721156,1
NP00174,3.8449325596334245,5.532665279941245,1
NP01929,3.0849625007211556,3.459431618637298,1
NP04982,2.5216406363433186,2.584962500721156,1
NP00463,3.0220552088742,3.459431618637298,1
NP03901,3.469576746316393,4.857980995127571,1
NP00694,4.08927969070864,5.8680569786596095,1
NP02673,3.831401845392172,4.651084443403434,1
NP02037,3.869309872466335,5.848744744277091,1
NP02061,2.822181958642873,3.577819531114783,1
NP04817,3.700225470916365,5.896225992744114,1
NP02803,2.8073549220576046,2.584962500721156,1
NP02886,2.2516291673878226,2.321928094887362,1
NP02520,3.321928094887362,3.169925001442312,1
NP05612,2.94770277922009,3.0,1
NP02809,2.8464393446710154,3.169925001442312,1
NP05743,2.9139770731827523,3.121928094887362,1
NP04397,3.7407713918234875,4.875,1
NP02512,3.774274930524019,5.3923174227787625,1
NP03482,3.169925001442312,3.0,1
NP03593,2.93299930663729,3.8521687236032816,1
NP00259,3.0,2.8073549220576046,1
NP05122,3.238901256602631,3.418295834054489,1
NP03202,3.238901256602631,3.584962500721156,1
NP01215,2.8073549220576046,2.584962500721156,1
NP02593,3.3491755162650194,4.85216872360328,1
NP05533,3.459431618637298,3.321928094887362,1
NP00970,3.1746742319786425,4.165894208390023,1
NP02992,3.699804055429019,5.883542709469879,1
NP03596,3.121928094887362,3.169925001442312,1
NP00082,3.0,2.8073549220576046,1
NP04429,3.2177070000404564,4.788909765557392,1
NP03376,3.121928094887362,3.169925001442312,1
NP01255,2.584962500721156,2.321928094887362,1
NP01234,3.7211626593694156,4.969815782426809,1
NP01983,2.94770277922009,3.0,1
NP05563,3.6818808028034042,4.058813890331201,1
NP00250,3.2402239289418517,3.8073549220576055,1
NP01274,2.94770277922009,3.0,1
NP04160,2.75,2.8073549220576046,1
NP04053,2.5216406363433186,2.584962500721156,1
NP02020,3.620936064750772,4.807354922057602,1
NP03490,3.2516291673878226,3.459431618637298,1
NP00363,2.75,2.8073549220576046,1
NP03973,2.2516291673878226,2.321928094887362,1
NP05586,2.725480556997868,3.0,1
NP02229,3.9289544393602855,6.163579410165247,1
NP02595,3.7614457889184743,4.969815782426809,1
