ID,TARGET,PROBABILITY
NP00317,1,0.9998495118654641
NP00717,0,0.036177691359621726
NP01482,1,0.9999998406822895
NP03336,1,0.9647391000047916
NP02850,1,0.9987157759444524
NP00357,1,0.9999998948564937
NP04005,1,0.9999869778243573
NP03875,0,0.16599221096922204
NP05553,1,0.9997140092241663
NP01969,1,0.9942917854675871
NP00287,1,0.9999980955903146
NP03197,1,0.9997423388755958
NP05257,1,0.9984420463625185
NP02293,1,0.9999351586088518
NP00755,0,0.004829918442114401
NP02798,0,0.024624854342555586
NP04147,1,0.9989153748823582
NP02986,1,0.9895023969374215
NP03963,1,0.9998789124548081
NP03510,1,0.9928714106289525
NP00731,1,0.993526940364364
NP01467,1,0.9999979826440876
NP02156,1,0.8025144801632346
NP03976,1,0.9999982816971871
NP03917,1,0.9999999884059746
NP05690,1,0.9999989413245677
NP05645,1,0.7510447386513994
NP05078,1,0.9999132815554702
NP04379,0,0.0030320069762549764
NP03387,0,0.00020695015771745424
NP03850,0,0.2902366314913791
NP00500,1,0.9969907987716831
NP03959,1,0.9999950318935578
NP02621,1,0.9999807481484396
NP00323,1,0.9771844593440906
NP01321,1,0.9999999613505682
NP01721,1,0.999999919610473
NP00925,0,0.00020670142658171908
NP04724,1,0.9979323008220374
NP01291,1,0.9999607995171915
NP00688,1,0.9990029742622543
NP01145,1,0.9999913684111669
NP05253,1,0.9995424330805832
NP03154,0,1.2224672476921782e-06
NP03707,1,0.9978797094611543
NP01788,1,0.890360859165917
NP05620,0,0.00012573490376028274
NP03297,1,0.9990752097566868
NP02644,1,0.9989437986389794
NP03314,1,0.9999548392588805
NP00554,1,0.9999737996738511
NP04952,1,0.9998954526743138
NP05773,1,0.9999978814796657
NP00720,1,0.9998426588709047
NP00022,1,0.9999906347755496
NP05016,0,0.3174643798727093
NP04990,1,0.9998913985826202
NP00861,1,0.9841653285940201
NP02525,1,0.9996620720097293
NP05688,1,0.9994667466124421
NP00715,1,0.999367467745972
NP00234,1,0.9998812844802761
NP00737,1,0.9732950744089963
NP00023,1,0.9987481011590255
NP05562,1,0.9999254789240085
NP01945,1,0.9999997792519867
NP01940,1,0.9999983216199287
NP04135,1,0.9998986696854711
NP03193,1,0.9925417965291626
NP03112,1,0.8866601676032898
NP01442,1,0.9999999591272265
NP01625,1,0.9999998304881429
NP04968,1,0.9888246525932379
NP03349,1,0.9999391836621137
NP00027,1,0.9967935643923717
NP01438,1,0.9999999908451346
NP02971,1,0.9999765212155843
NP03183,1,0.9983462909891689
NP05604,1,0.9999999469577504
NP03811,1,0.7089311915746299
NP00736,1,0.9988930848975558
NP04868,1,0.999718750966887
NP03087,1,0.9999994123379946
NP02933,0,0.0047728097693656435
NP02817,1,0.5077466478005829
NP03577,1,0.9999987765170565
NP01377,1,0.9994121308173075
NP03590,1,0.9999968866224489
NP05547,1,0.9996912025769071
NP03958,1,0.9918598545772522
NP00295,1,0.9999994977554456
NP04075,0,0.1397449899156011
NP05215,0,0.045208632660031625
NP00312,1,0.9999964841218492
NP00638,1,0.9881224224945998
NP02204,1,0.9994677413944318
NP05718,1,0.9999738036253801
NP01227,1,0.9999999618770757
NP01803,1,0.9999999881341485
NP01353,1,0.9669062173601769
NP01717,1,0.9999999794941539
NP03291,1,0.9999999919677177
NP03541,0,0.014930038037650152
NP03886,1,0.9999256375739829
NP02149,1,0.9995780941105775
NP03096,0,0.03370547295923021
NP02887,1,0.9999733106605421
NP02647,1,0.9993238629210011
NP00209,1,0.999986396613157
NP04423,1,0.999823073976102
NP04421,1,0.9999895617269109
NP04210,1,0.999880574335209
NP02341,1,0.9995998167104949
NP00847,1,0.9978950822349416
NP05008,1,0.9999905188622767
NP01388,1,0.9997941936943175
NP03854,1,0.9721196076182976
NP01986,1,0.9999996539751692
NP01481,1,0.9999999984611585
NP04395,1,0.9999945771605065
NP01843,1,0.99992884508677
NP03656,0,4.5228753134862615e-05
NP05827,1,0.9565128084617097
NP01985,1,0.9999826695003443
NP02697,1,0.9999950834532473
NP01356,1,0.999999991381369
NP05246,1,0.9286491763774668
NP00440,1,0.9999906019385422
NP04715,1,0.9999767348344785
NP00522,0,0.031199108461107922
NP03732,1,0.9999418670904237
NP04931,1,0.9984035980853304
NP00175,1,0.9981634184872987
NP02307,1,0.6353271222430117
NP03495,1,0.9999986484551572
NP05221,1,0.998255624313192
NP03954,1,0.9979659161574044
NP04039,1,0.9998666918142728
NP05588,1,0.99998856790504
NP05626,1,0.9999673427719985
NP03796,1,0.9999720427724949
NP05667,1,0.9864885965346972
NP01634,1,0.9998839326275537
NP01598,1,0.9993307793204788
NP00418,1,0.9999999890733141
NP05649,0,0.20566115011159233
NP01421,1,0.9999998260568063
NP05658,1,0.9971632176737993
NP02601,0,7.408582856992232e-06
NP03448,1,0.9999987050245965
NP05030,1,0.9999747808117765
NP01427,1,0.9999997616739047
NP03144,0,0.1010084947187623
NP00692,1,0.9778060631573312
NP02039,1,0.99983326139394
NP01697,1,0.999999733439656
NP05832,1,0.9995827516789443
NP00425,1,0.9999989247313426
NP04972,1,0.9999842824403274
NP00481,1,0.9999991698084492
NP01125,1,0.9829670634842805
NP01970,1,0.996015525230923
NP01600,1,0.9999997908222833
NP02917,0,0.0016054176110119037
NP05571,1,0.8904945732372644
NP00545,1,0.9999994536032087
NP02649,1,0.9998489302058325
NP04413,1,0.9999917275385
NP02484,1,0.9998443618785777
NP02050,1,0.999120610367287
NP04201,1,0.989119393822944
NP03560,1,0.999840056800585
NP03210,1,0.997285792620981
NP04094,1,0.9996622732860317
NP03883,1,0.9999973928007833
NP01545,1,0.9999999702503284
NP02831,1,0.9999786770145915
NP04574,0,0.09129126780777372
NP04694,1,0.9998641776964992
NP05713,1,0.9995123912974696
NP01926,1,0.999249294129494
NP05636,1,0.9997983170502709
NP00087,1,0.9998678629548794
NP04227,1,0.9999390641803371
NP00241,1,0.9999957430622609
NP01909,1,0.9999963766283473
NP03355,1,0.9921793166633022
NP02648,1,0.9996696364452236
NP05944,1,0.9994375169742357
NP04209,1,0.9999772000615945
NP00351,1,0.9969762000176621
NP05053,1,0.9999541277160847
NP04380,1,0.9211697419743415
NP03444,1,0.999998352395668
NP00998,1,0.9982955832911347
NP01903,1,0.9999999266647155
NP00444,1,0.9999440175898479
NP01225,1,0.9999054921525744
NP00415,1,0.9999992674517371
NP03264,1,0.9874029597662857
NP01281,1,0.999725246512827
NP00941,0,0.4365210143939139
NP03260,1,0.9071994360285657
NP01358,1,0.9848498988225183
NP00621,1,0.7912639722049291
NP01472,1,0.999999964194495
NP00800,0,0.22749433968310762
NP03169,1,0.9970149702525875
NP04025,0,0.30866468251430995
NP05926,0,0.003685367566259556
NP00488,1,0.9575010412900594
NP03911,1,0.999993216519064
NP03270,1,0.999901877543085
NP03594,0,0.014934902395817705
NP03852,1,0.9435830960962606
NP03542,1,0.9998484150833798
NP01312,1,0.9999999218513834
NP00772,0,0.002970232481235296
NP01885,1,0.9896275000443795
NP05618,0,0.0001287083039617911
NP00380,1,0.9999929597675183
NP01212,1,0.9999717562331859
NP01384,1,0.9999995066868759
NP01357,1,0.9999957661710871
NP01630,1,0.9836705831532967
NP01589,1,0.9999079684053898
NP05947,1,0.999999916909424
NP04279,1,0.9982113756983937
NP00853,1,0.9999987274722246
NP00403,1,0.9998776229782476
NP05542,1,0.9999967209340532
NP03849,1,0.9997397383024852
NP04924,1,0.9999885938451408
NP01323,1,0.9999997542815904
NP02545,1,0.9878050088725986
NP00356,1,0.9999960347051915
NP05204,1,0.9999995349213422
NP02336,1,0.9998963549766331
NP01550,1,0.9999960045525866
NP04570,1,0.9949816172636253
NP01809,1,0.9999960304603083
NP05597,1,0.9999880959654113
NP05878,1,0.9517837740703607
NP04065,1,0.9999993604946624
NP05568,1,0.9999999867216989
NP01420,1,0.9999991925189665
NP03885,1,0.9879306382747409
NP01522,1,0.9994421428103439
NP04969,1,0.9999993500507199
NP01292,1,0.9999062498861826
NP01826,1,0.9911913986858086
NP02996,1,0.9990854998951776
NP01188,0,7.9284789483589e-07
NP01231,1,0.9996427223278499
NP05765,1,0.9999016072985422
NP00354,1,0.9993027898624709
NP00405,1,0.9999998026396443
NP05265,1,0.8646986064851394
NP05768,1,0.8787665365297256
NP02108,1,0.9985308159674413
NP02015,1,0.999973458023209
NP01560,0,0.0026954565964388477
NP05035,1,0.9987160116228289
NP00953,0,0.2880713797971868
NP01179,1,0.9999891986774254
NP00315,1,0.9999999721613156
NP02750,1,0.9997644893138669
NP00216,1,0.9959061403888059
NP03251,1,0.9997971629946034
NP01696,1,0.9999997898683965
NP05608,1,0.9952885760140179
NP04057,0,0.0042469989546135255
NP02782,1,0.9926776703829768
NP01947,1,0.9999994115047882
NP01732,1,0.9718969833565625
NP02662,0,0.04331486272130453
NP01760,1,0.9999960742828852
NP03984,1,0.9999579440481775
NP02407,1,0.9999583477040263
NP02547,1,0.8357443329128413
NP02591,1,0.8385112812026654
NP01868,1,0.999999936700007
NP03310,1,0.9884312520454334
NP01736,1,0.9988689905757284
NP01631,1,0.8131581581557437
NP05590,1,0.9999975083972783
NP01249,1,0.9999947532926768
NP00335,1,0.9999999709583376
NP04457,1,0.9969134821824008
NP01260,1,0.9995706993456684
NP05828,1,0.9949365323727735
NP00390,1,0.99804441326632
NP03586,0,0.004530456384372497
NP03412,0,0.002886238822395308
NP00977,0,0.04150162864934994
NP03924,1,0.9992280897858462
NP03367,0,0.007446562879142749
NP00411,1,0.9993552410308748
NP01872,1,0.9999091956171354
NP02563,1,0.999957079798634
NP01617,1,0.999984365486916
NP03179,1,0.9806118356584607
NP00305,1,0.9999999553584391
NP03157,0,0.0174325792072552
NP03785,1,0.998625261124035
NP01554,1,0.9999987173867741
NP04946,1,0.7729373641018716
NP01733,1,0.995501235072292
NP03312,0,0.0022343850359454144
NP01366,1,0.9999997286835834
NP03667,1,0.8352669319601269
NP02727,0,0.12541525541084347
NP02712,1,0.98906366387168
NP04049,1,0.9985561879171032
NP03474,1,0.9999393192097383
NP00677,1,0.9961547559071773
NP03980,1,0.9431351647742233
NP05874,1,0.9652763892523409
NP04408,1,0.9999793134222167
NP03489,1,0.9983706838740969
NP01833,1,0.9999992414447724
NP01710,1,0.9999027565690082
NP03351,1,0.9999968649081159
NP00286,1,0.5931026968573995
NP02948,1,0.9999999996979798
NP02414,1,0.9998644826796982
NP03536,1,0.9998003126789362
NP03429,1,0.5539236463449789
NP00064,1,0.9995277761851707
NP02566,1,0.99994361061271
NP01583,1,0.9999989920669267
NP01197,1,0.9999999884683649
NP02016,1,0.9999994140482708
NP02635,1,0.9999960719539138
NP02689,1,0.9999907860716472
NP04436,1,0.9999770759231257
NP03996,1,0.9999990799744034
NP00432,1,0.959065189702682
NP05534,1,0.999984808065627
NP00094,1,0.9995344529355913
NP01690,1,0.9999946685888406
NP00070,1,0.9999444295119249
NP05622,0,0.005914201168362583
NP01606,1,0.99344138203467
NP02610,1,0.999045075386827
NP02962,1,0.9988924969067381
NP02876,1,0.9999698237503287
NP03552,1,0.9323819596122331
NP01159,1,0.9980146877991444
NP02700,1,0.9999736022962219
NP05136,0,0.23155647251667902
NP04975,1,0.9999997268217404
NP05655,1,0.9993802906192674
NP02257,1,0.9999992133080637
NP00469,1,0.9814032917649205
NP03893,1,0.999999748447872
NP02543,0,0.08673339395224218
NP00805,0,0.010691105513298577
NP04120,1,0.9993199231295449
NP04199,1,0.9999948893727291
NP05525,1,0.9999869294721191
NP05541,1,0.9998899201614492
NP03166,0,0.050315213351137845
NP00232,1,0.9999761613169463
NP03465,1,0.96454804437175
NP01607,1,0.9999999495065685
NP01523,1,0.9998396657773597
NP01359,1,0.9999392102468698
NP04855,1,0.9999089025878373
NP05949,1,0.9090905937764656
NP02622,1,0.8827051232302694
NP04806,1,0.9921795303190633
NP03140,0,0.0009522971724267898
NP03231,1,0.9998385514525917
NP01682,1,0.9999998135364067
NP03979,1,0.9998429915695656
NP00592,0,0.0013327347647607262
NP00249,1,0.9999985426917929
NP03451,1,0.9999614739039501
NP05567,1,0.9999999986393857
NP03099,1,0.9963773508983229
NP02603,1,0.9999972705614648
NP03727,1,0.9868963275251671
NP04545,1,0.9999750160853542
NP00365,1,0.9999873897370074
NP03386,1,0.9999987477602357
NP03690,0,0.19888082072163804
NP05362,1,0.6525610265773312
NP01329,1,0.9999947105849483
NP03328,0,0.007977348239187335
NP01331,1,0.9999916131128855
NP03104,0,0.006807317571334148
NP02300,1,0.9994980347534981
NP01332,1,0.9999469052009394
NP00842,1,0.9990281396802924
NP03740,1,0.9707261367899053
NP05229,1,0.9051639835373908
NP00311,1,0.9999956090150461
NP01169,1,0.9999975427131917
NP01414,1,0.999999995299184
NP00353,1,0.9970563385954127
NP00557,1,0.999999951299377
NP00056,1,0.9997426729739055
NP02466,1,0.9999998419264892
NP05637,1,0.9059667567792612
NP05579,1,0.9966392163911665
NP05076,1,0.99999152423067
NP05546,1,0.8841890391269878
NP04964,1,0.9999996493748918
NP03450,1,0.9999993350860206
NP03441,1,0.9979334621952533
NP03177,1,0.9979860847786602
NP05682,1,0.9825864216678416
NP01165,1,0.9999890711405183
NP02713,1,0.999990680199126
NP03388,0,4.97311213302331e-06
NP00948,1,0.9902411931035113
NP00284,1,0.9999948333843584
NP05223,1,0.99984796089333
NP01276,0,0.024619461422768114
NP00958,1,0.9954972048844637
NP05615,1,0.9977611600043528
NP03494,0,0.07389430285591965
NP03651,1,0.680618718976567
NP05538,1,0.9996915798183301
NP02832,1,0.9999798681467024
NP00822,1,0.9389254885563458
NP02781,1,0.9615308035056812
NP03425,1,0.8622899108412045
NP00314,1,0.9999997654254387
NP00803,1,0.8829104197207498
NP02351,1,0.9999983698891314
NP00823,1,0.912377276908997
NP01252,1,0.9999998010806099
NP03288,1,0.729534224222786
NP01835,1,0.9998464174849906
NP00711,1,0.9998428128620365
NP05580,1,0.999992815824579
NP03826,1,0.9999999095938448
NP04693,1,0.99999998597636
NP03468,1,0.99999946323232
NP01337,1,0.9969456818821849
NP04417,1,0.9997955283210243
NP01155,1,0.9999997192096526
NP00730,1,0.9707893199997489
NP01261,1,0.9999973267953406
NP04068,1,0.9986727295602289
NP04720,1,0.9994906449421236
NP03814,1,0.999912362948963
NP05653,1,0.9999072193925418
NP01763,1,0.9937983806896686
NP01187,1,0.9989611406278384
NP02609,1,0.9999966813358488
NP02964,0,0.01134981463755452
NP00320,1,0.9999970665285273
NP02518,1,0.554894255898362
NP03182,1,0.9999816725217843
NP02981,1,0.9904788061857788
NP01577,1,0.9994192977524224
NP02310,1,0.999986161544109
NP03743,1,0.9999021324829026
NP00003,1,0.9983360168353225
NP00163,1,0.9999792065384636
NP01498,1,0.9999998077982025
NP01232,1,0.9927394497239016
NP01363,1,0.9999943343784803
NP04860,1,0.9968868361357238
NP04816,0,0.28333986273743905
NP01349,1,0.9999987961856885
NP00884,1,0.9998175091364169
NP01988,1,0.9999650320544297
NP00804,0,0.2031100284428435
NP02963,1,0.9982593474279282
NP01509,1,0.9999795920347587
NP04786,1,0.9996189018997731
NP03407,0,0.001109558985859587
NP02501,1,0.9999043931347489
NP05678,1,0.9998973926499911
NP03572,0,0.09652001768573697
NP02447,1,0.9999924457394347
NP02954,1,0.963354138837583
NP05607,1,0.9999473078155204
NP01204,1,0.9999762237017189
NP03775,1,0.9645435478395576
NP05906,1,0.9967103812760303
NP008225,1,0.9399953566927601
NP049049,0,0.00791249029613937
NP000997,0,1.2211872086036029e-05
NP054164,0,1.5611151141086053e-05
NP035613,0,6.114233082812117e-05
NP006907,0,0.0007353290884180476
NP006538,0,0.0014462683383520136
NP013108,0,1.717370647510266e-07
NP022881,1,0.7256125038318727
NP002716,1,0.982053719571979
NP031737,0,4.164904070102453e-05
NP018008,0,0.0001333072160909588
NP013547,0,8.679623649264255e-05
NP011402,0,1.5231728703969896e-07
NP054593,0,2.0815529878119847e-07
NP044974,0,0.0036674396556776547
NP043533,0,8.84886796389032e-06
NP039950,0,5.176632548651183e-05
NP044021,0,0.0013718786551626511
NP032417,0,2.0752389840817493e-06
NP051778,0,0.0008234252334951729
NP000865,0,0.2405110722453396
NP032893,0,0.00019859820861658944
NP016782,0,3.936098517325539e-06
NP021136,0,0.06040075039186125
NP023681,0,0.0035471518175769668
NP006913,0,0.000250926369291138
NP050899,0,0.0327908833873706
NP022947,0,0.1708094081469443
NP012723,0,5.735184925157834e-07
NP054170,0,2.493464308285704e-06
NP008896,0,0.1438399104089623
NP025019,0,1.2053743788529988e-05
NP008173,1,0.750390197192225
NP016028,0,0.23487669355559662
NP000383,0,0.0003110787641117719
NP055631,1,0.9227925184803697
NP046281,0,1.2516198359777327e-06
NP010153,1,0.9996963109002084
NP009351,0,0.008092866651744714
NP018079,0,5.697536757025623e-07
NP022435,0,4.881683663011137e-06
NP023127,0,0.021983762683417177
NP046954,0,8.126699792876585e-08
NP021144,0,0.04675505882993245
NP052290,0,0.20644751883401066
NP051101,0,5.144810339646746e-05
NP033500,0,0.0008711706971909054
NP040612,1,0.8329799393294316
NP018269,0,0.0006607339644104465
NP029792,0,0.01806233373999606
NP013414,0,2.887065102672331e-05
NP015791,0,0.047656019729273795
NP048061,0,0.3915954619025132
NP032708,0,2.425259597690716e-05
NP013461,0,7.034440294617002e-09
NP005374,1,0.8422770233952934
NP020487,0,4.054074072598597e-08
NP011061,0,0.0004875380294985418
NP031054,0,0.26617233884929936
NP022890,0,0.0008459151615476057
NP012135,0,9.65230397635868e-06
NP052096,0,0.31741734892912976
NP031727,0,0.0003445230650574054
NP021986,0,0.10432523512928975
NP002674,0,0.2495498576295827
NP010453,0,0.0001227453361687253
NP055576,0,0.00439219446737333
NP047054,1,0.5612256226043776
NP005431,0,0.16183429457962734
NP000874,0,1.0219939827863174e-05
NP030556,0,0.0017875667776362837
NP053568,0,0.0017483997122486458
NP013025,0,1.2271348331122142e-05
NP042920,1,0.9595465712270324
NP031670,0,1.347745698782882e-05
NP022722,0,0.012923251445093906
NP034788,0,0.0026945006257518378
NP014931,0,2.4899842274995457e-05
NP019457,0,7.817467488721587e-07
NP052052,0,0.0006327657414271012
NP014642,0,0.08282114672233234
NP011876,0,0.47268684366032765
NP052453,0,0.09335693612944597
NP038408,1,0.9979738844552969
NP040713,0,2.4532856008970106e-06
NP000525,1,0.9896275174286231
NP020742,0,2.1121059130091824e-09
NP006289,0,0.030223802681710765
NP055522,0,0.016628056578793033
NP001020,0,1.5322114016605279e-07
NP050279,0,0.09221841138771743
NP020917,0,0.149406458223258
NP046275,0,0.0014977677377426433
NP024380,0,6.165369209052432e-05
NP018840,0,3.1098436691539688e-06
NP015353,0,0.05470019162372792
NP047893,0,0.09568443945614565
NP001932,0,0.001140743881568474
NP053740,0,0.07566659472275034
NP001756,0,0.00016605257212158725
NP051606,1,0.9999680243793516
NP045733,0,4.6726667870697636e-05
NP052886,0,0.09815227485146873
NP038355,0,7.810426071517157e-06
NP003526,0,1.2513307795741038e-05
NP006796,0,0.03576318372988084
NP048041,0,0.0019873420365130873
NP008035,0,2.0793217251336386e-06
NP004041,0,0.005871936557216761
NP009857,0,2.8114386365957486e-05
NP029060,0,2.4416452540251496e-05
NP032198,0,3.79312887543579e-05
NP012438,0,7.270080489929331e-07
NP053078,0,0.0004061796314665261
NP000711,0,0.0043608867592645215
NP009545,1,0.9995733528344215
NP015515,0,0.0005237573544342433
NP000980,0,0.002464108733239727
NP041812,0,5.346809787373179e-06
NP046549,0,0.004120622887781898
NP023547,0,2.315807469489031e-08
NP007509,0,0.3726100118912341
NP049918,0,6.2162903647824554e-06
NP029885,0,0.00530592426206715
NP009612,0,1.8502976682879214e-06
NP052639,0,2.8567225138369804e-07
NP008691,1,0.8708900550174673
NP014829,0,4.638728444065297e-06
NP051489,0,0.0006495991222692565
NP055267,0,0.0008135031432489639
NP014149,0,0.0009643097471791304
NP008033,0,7.810135439112548e-05
NP010340,0,0.0038100084353891728
NP004740,0,0.0013412436746592247
NP044706,0,0.00016185274338182084
NP005310,1,0.9502245858954177
NP050130,0,0.014452371877378006
NP006653,0,2.5395615655235966e-05
NP048344,0,0.00039523013714632115
NP027577,0,5.147561863864721e-05
NP015170,0,1.2274596071405001e-06
NP009942,0,0.00030609998678113076
NP043366,0,0.0036147903022266015
NP009759,0,0.00016901644939549193
NP002356,0,0.4793421837466666
NP009661,0,4.1245903739261583e-05
NP003167,0,0.001178857146032701
NP004124,1,0.7085188540396613
NP019438,0,7.745403165194444e-07
NP050636,0,0.0038994295526852472
NP010925,0,2.0667615939543957e-07
NP054617,0,4.601074263079957e-07
NP037303,0,0.009742294655662578
NP006828,0,1.0640797709935915e-06
NP010065,1,0.8291934939876703
NP007516,0,0.00017770719449258597
NP044116,0,7.325271759019004e-08
NP013150,0,5.36532133075344e-05
NP001365,1,0.6494107385702909
NP014309,0,1.579598597369935e-05
NP002832,0,3.0220890451716867e-07
NP001356,0,7.48245560149836e-05
NP032721,0,0.05574074826690533
NP023435,0,0.20755881514124386
NP046263,0,2.488761590880609e-06
NP016533,1,0.9259031033832401
NP053121,0,0.09852101162570596
NP013643,0,6.944182407208794e-07
NP001547,0,1.9656138322109934e-06
NP023501,0,2.777881488498738e-07
NP035486,0,0.41458506305094384
NP033306,0,0.006945052827324241
NP021522,0,0.005941140516776586
NP001623,0,0.0005718671354057336
NP008655,0,1.552274404566523e-06
NP038415,0,1.6585079739481466e-06
NP054267,0,7.278628335244645e-05
NP022675,0,7.73186561360563e-05
NP031342,0,0.003852815239532358
NP052379,0,0.00015326488518367063
NP023584,0,0.002366499937671523
NP037355,1,0.9462659003109608
NP004772,0,5.0522841246718025e-06
NP024677,0,0.0001240536954180361
NP000768,0,2.3869185531303163e-08
NP012543,0,0.17671353038585638
NP005120,0,3.162622886721132e-06
NP019265,0,0.0036434660152578897
NP021145,0,6.995748613126314e-07
NP048653,0,1.4395374837281761e-07
NP050777,0,0.16423332622854359
NP041441,0,0.0003103149905898622
NP019032,1,0.9808391405503212
NP043362,0,1.5449527997998746e-07
NP002443,0,0.00029673817164878904
NP016214,0,4.4768032998905493e-07
NP008260,0,9.46517001059365e-06
NP015239,0,0.0035194288666692587
NP033452,1,0.968392903602963
NP016749,0,0.035998017499494335
NP043205,1,0.997319450741942
NP033360,0,0.061149800851956794
NP032428,0,8.659509239932211e-06
NP016456,0,3.927998741665128e-06
NP000978,1,0.7772506894453832
NP036394,0,1.1998295315072114e-06
NP000435,1,0.5012785242717633
NP032681,0,2.2913087971023646e-07
NP046027,0,0.03201869057327555
NP008783,0,0.1959294300740595
NP004589,0,3.2123501865593707e-06
NP045488,0,5.880355147086757e-06
NP002488,0,9.87453603616317e-06
NP017328,0,1.9489930825229357e-05
NP039425,0,0.002046844737150415
NP017338,0,0.0001224937359166298
NP043193,0,0.26834319861340217
NP027567,1,0.9176693180474282
NP015074,0,0.1393224588733947
NP008561,0,0.00034333481858235033
NP001379,0,7.89341447252604e-08
NP000156,0,4.385084778537628e-05
NP034480,1,0.9928859254511931
NP017287,0,0.2164729477561411
NP001314,0,0.009731356343102739
NP022625,0,5.607934475252793e-06
NP036095,1,0.7214548262307403
NP013152,1,0.9996253671052082
NP015807,0,0.1437583534463256
NP014370,0,0.0002836927068959758
NP053921,0,1.5906439944158344e-07
NP010556,0,0.0004545148724707597
NP016931,0,0.39560624608589307
NP052787,0,0.00252546728900856
NP029773,0,2.2468547335172945e-05
NP050955,0,0.04323218372457114
NP040671,0,6.70985055471486e-05
NP000405,0,1.2196920734385947e-05
NP004966,1,0.5480448242663872
NP017346,0,1.0104173861174651e-06
NP023469,0,2.5254034969003217e-05
NP007661,0,3.958045116815645e-07
NP037985,0,1.3489803558891107e-06
NP006363,1,0.9453144255976886
NP019419,0,0.0032289356213991618
NP036122,0,7.754792004763375e-06
NP000547,0,0.005934272706263464
NP039838,0,0.058399655943675154
NP009384,0,3.5311948438682673e-08
NP009706,0,5.450801958849699e-06
NP034267,0,3.7376155081242006e-05
NP054924,0,0.007855653936239245
NP052146,0,0.003514947412927184
NP015928,0,2.327257147036976e-07
NP008710,0,9.612112126592997e-05
NP055569,0,5.052873017138744e-07
NP005727,0,8.78253111371775e-05
NP054368,0,9.365549339734438e-05
NP036085,0,5.265673233708388e-08
NP042011,0,0.4646561221670714
NP026371,0,0.0064091136093001
NP030449,0,4.731357540234232e-08
NP014599,0,0.000381268199677843
NP006891,0,0.007014023557174762
NP025212,0,0.0015704075809233658
NP007212,1,0.735162086076736
NP047577,0,0.003782648994748605
NP005238,0,0.00028550466243615656
NP001585,0,0.002548073096545788
NP015028,0,4.985479563695718e-05
NP004571,0,0.10159894493424386
NP009131,1,0.6232405599375687
NP002679,0,0.48781888138440765
NP046216,0,0.006143133190449562
NP054991,1,0.8004275941473629
NP052271,0,1.0068716356303756e-05
NP001288,1,0.993304476606454
NP015162,0,0.0007554649290759359
NP046858,1,0.9497872051034393
NP052699,1,0.6865442996592416
NP010274,0,3.1017837789536765e-05
NP012500,0,0.05384590752533411
NP001817,0,0.0063555048222034075
NP032560,0,7.354713831284174e-05
NP006735,0,0.030692516220675776
NP013675,0,0.00187103615511628
NP017100,0,0.0009681082409870103
NP054245,0,3.1110488207740615e-06
NP049328,0,1.0921507676460988e-07
NP008857,0,0.02887704792682154
NP042414,0,7.639238779537903e-06
NP040833,0,1.0612946458089066e-05
NP018525,0,0.0005050204385310417
NP038054,0,0.0007241611746132776
NP008848,0,0.01778115406122578
NP012576,0,2.293559921620974e-06
NP012462,0,0.00017519029028127003
NP017351,0,6.619392371009777e-05
NP021617,0,0.006676355343028049
NP009119,0,4.967097419529749e-10
NP032924,0,0.03440409094021094
NP053470,0,2.4726545574831724e-06
NP002181,0,5.84811167932314e-05
NP006702,0,0.00380017833833687
NP001144,1,0.8567166374732732
NP013382,1,0.6105724850884837
NP049451,0,0.0001182993805006225
NP040426,0,1.2476203778859732e-05
NP025535,0,0.36262276634117224
NP050588,0,0.0005194638119093808
NP053782,0,1.1056829538169833e-06
NP045152,0,0.0989024844998233
NP005854,0,0.0016540597855763924
NP004106,0,0.0027607201690641485
NP003605,0,0.00017798262789461508
NP023682,0,8.324008746851525e-06
NP009255,0,0.0033667481160450123
NP024093,0,0.00851145874219381
NP034668,0,5.52142945791761e-07
NP002247,1,0.9982460385348026
NP001680,0,9.567705684755775e-06
NP029932,0,0.4494329558729438
NP008167,0,0.00028922429360752537
NP003397,0,1.9971864553028895e-06
NP003599,0,4.735145987682117e-07
NP040687,0,0.018092966515817075
NP002794,0,0.005951390982607777
NP007758,0,8.136109558463301e-07
NP021175,0,0.0012201555490169932
NP009307,0,0.011017841306339277
NP012136,0,2.5145188975192224e-06
NP045507,0,0.00015319446402015753
NP025371,0,9.775215281943641e-05
NP024616,0,0.061309880867074014
NP004858,0,0.00208682281356311
NP050166,0,0.07599745110427139
NP037859,0,0.051776149666845794
NP023272,0,3.333943429676455e-05
NP055117,0,0.00025720314619553133
NP010050,0,0.0004090931803340508
NP035556,0,1.4993091465356784e-06
NP015075,0,0.0010984555565043427
NP004760,0,0.00016691272134626757
NP019366,0,0.004263866786189684
NP053261,0,0.009384729246073772
NP021969,0,2.8578493495474723e-06
NP014766,0,4.1396647855433304e-08
NP009184,0,0.0989610397750693
NP004953,0,1.2473534892675262e-07
NP005523,0,5.797978690780968e-08
NP005315,0,0.0007201397077174636
NP006994,0,0.0014547183251386931
NP021378,0,0.0005423281276042168
NP014020,0,0.00014524529596321824
NP041966,0,4.11275359802737e-06
NP044933,0,0.0011678115881236834
NP043033,0,1.0052714446480541e-05
NP023888,0,0.05843956088587253
NP006321,0,0.012879558081043309
NP005867,0,7.325880154215587e-05
NP000460,0,0.00017584750649055064
NP047429,0,2.488604098541281e-06
NP049177,0,0.0002445358334654927
NP043905,0,2.053105482930291e-05
NP015691,1,0.9111364099943029
NP009920,0,0.0009436789014053241
NP000478,1,0.9983953789879191
NP040251,0,5.715563776156611e-07
NP021950,0,0.0005603314929379424
NP016282,0,8.232518141613383e-05
NP020009,0,0.0063035916993415325
NP003670,0,0.008899041174103972
NP045297,0,0.00011621267276644297
NP009998,0,6.54912968748645e-06
NP002377,0,3.3336560555864133e-07
NP016438,0,0.056261770926655796
NP021217,0,1.0517555467336184e-05
NP012802,0,0.01414030651094483
NP006355,0,0.00024527629513231946
NP032837,0,0.1161457023496328
NP048677,1,0.996435593965802
NP022048,0,0.032187421796175376
NP029993,0,0.06288756991768416
NP011749,0,7.285635980100668e-07
NP040481,0,0.2104340359882845
NP018082,0,1.0641780324593412e-05
NP010224,0,0.11358696142574884
NP017029,1,0.9850962318411286
NP055103,1,0.9777927636297864
NP009565,0,0.0002848313498569864
NP011889,0,0.014854250526001464
NP017024,0,4.282740591318755e-07
NP017054,0,0.01216217835995488
NP046416,0,6.17224188317656e-05
NP050138,0,0.1733301721525749
NP017495,0,0.005657745611981552
NP017103,0,0.0001489980458907988
NP018280,0,4.786709874558313e-06
NP000745,0,0.04162382400126164
NP031351,0,0.03205704995179558
NP000535,0,3.243549408680236e-06
NP048828,1,0.937504301306324
NP005031,1,0.9966549029918886
NP015077,0,2.083322946849095e-06
NP008656,0,0.015443886375561603
NP005455,0,0.007257156971846667
NP006102,0,3.347974647873525e-07
NP005184,0,0.00022297225527080736
NP019764,0,0.1256102364206874
NP012762,0,7.770207408070152e-07
NP027970,0,0.13985873392667608
NP048655,1,0.8420333797014367
NP027754,0,2.4306466320170007e-07
NP015358,0,3.547198363679323e-05
NP018495,0,0.08674581211767873
NP039881,0,0.08665318803230018
NP008101,0,0.03721825466504644
NP047248,0,0.34709344926200064
NP032269,0,2.1475992494508457e-06
NP036850,0,5.862966712598414e-05
NP018088,0,9.441252612003787e-08
NP020454,0,0.09684303349578187
NP049078,0,0.0005287346041007907
NP023327,0,0.017914620296751838
NP022970,0,0.14540152984840637
NP018338,0,0.02295652267772281
NP038615,0,2.093235351900674e-06
NP028643,0,0.08832726806413382
NP010672,0,4.246688428112761e-05
NP052123,0,0.002620515959732429
NP009294,0,4.7656793730957865e-07
NP019732,0,7.050734170461803e-06
NP000196,0,0.0003452299258349019
NP012310,0,0.04162792797266109
NP010083,0,0.0004988431124108162
NP018111,0,0.0013010019838647889
NP006438,0,6.3872352939876e-05
NP008182,0,0.0003203422008052088
NP030374,0,1.2812881065094617e-06
NP012855,0,0.0002876219411281544
NP032401,0,6.556337541023746e-07
NP024716,0,8.997543659469376e-06
NP015262,0,0.42887353767294895
NP051771,1,0.5715112858927891
NP025334,0,1.1952345406644274e-05
NP045282,0,5.917427960125838e-06
NP008969,0,1.4161676916776853e-07
NP002390,0,0.0029532401245112453
NP015114,0,0.47454315321045554
NP000001,0,0.007156150980308574
NP009334,0,0.00010703229412208403
NP000031,0,0.019268171746807682
NP055458,0,0.0004030029442942553
NP008271,0,2.5246867188424966e-05
NP027888,1,0.9998035112951378
NP008359,0,1.1370052900855796e-05
NP038597,0,0.36218102891435355
NP011768,0,1.4455471102418399e-05
NP003425,0,0.011467145399818725
NP034613,0,0.02526301137379748
NP031714,1,0.9881027619472471
NP043376,0,0.00014819358641988454
NP019851,0,9.93844247737224e-06
NP025348,0,0.0003157088670890272
NP000515,0,2.583046101831054e-06
NP017740,0,0.01539692222561714
NP013372,0,8.855965288355105e-05
NP006876,0,8.164631068623317e-06
NP007519,0,9.279308649134938e-07
NP017369,0,0.016444278411555786
NP021799,0,3.632671808108666e-05
NP005606,0,0.14056803649574703
NP009868,0,4.6374435456265095e-05
NP034676,0,7.96791894196628e-05
NP040625,0,0.01062903419437809
NP017871,0,0.0018906998205712522
NP023617,1,0.6314021156477571
NP052776,0,1.209347303392013e-05
NP008839,1,0.8683608812447546
NP021909,0,1.8151376961054114e-05
NP015018,0,0.011015067285994294
NP010237,0,1.1824727667140201e-05
NP055262,1,0.9841973905583336
NP048782,0,5.489530627951343e-05
